{"type": "FeatureCollection", "features": [{"type": "Feature", "geometry": {"type": "Point", "coordinates": [127.11094, 37.53387]}, "properties": {"id": "1927", "gu": "송파구", "dong": "풍납동", "jibun": "89-20", "addr": "송파구 풍납동 89-20", "지형높이": "평지", "지형형상": "세로장방", "도로접면": "세로한면(가)", "OSC공법": "소형", "approx": false}}, {"type": "Feature", "geometry": {"type": "Point", "coordinates": [127.11094, 37.53387]}, "properties": {"id": "1928", "gu": "송파구", "dong": "풍납동", "jibun": "142-56", "addr": "송파구 풍납동 142-56", "지형높이": "평지", "지형형상": "정방형", "도로접면": "세로한면(가)", "OSC공법": "소형", "approx": false}}, {"type": "Feature", "geometry": {"type": "Point", "coordinates": [127.11094, 37.53387]}, "properties": {"id": "1929", "gu": "송파구", "dong": "풍납동", "jibun": "277-11", "addr": "송파구 풍납동 277-11", "지형높이": "평지", "지형형상": "자루형", "도로접면": "세로한면(가)", "OSC공법": "소형", "approx": false}}, {"type": "Feature", "geometry": {"type": "Point", "coordinates": [127.11094, 37.53387]}, "properties": {"id": "1930", "gu": "송파구", "dong": "풍납동", "jibun": "277-12", "addr": "송파구 풍납동 277-12", "지형높이": "평지", "지형형상": "세로장방", "도로접면": "세로한면(가)", "OSC공법": "소형", "approx": false}}, {"type": "Feature", "geometry": {"type": "Point", "coordinates": [127.11094, 37.53387]}, "properties": {"id": "1931", "gu": "송파구", "dong": "풍납동", "jibun": "398-14", "addr": "송파구 풍납동 398-14", "지형높이": "평지", "지형형상": "정방형", "도로접면": "세로한면(가)", "OSC공법": "소형", "approx": false}}, {"type": "Feature", "geometry": {"type": "Point", "coordinates": [127.11094, 37.53387]}, "properties": {"id": "1932", "gu": "송파구", "dong": "풍납동", "jibun": "400-4", "addr": "송파구 풍납동 400-4", "지형높이": "평지", "지형형상": "세로장방", "도로접면": "세로한면(가)", "OSC공법": "소형", "approx": false}}, {"type": "Feature", "geometry": {"type": "Point", "coordinates": [127.1447659, 37.5289579]}, "properties": {"id": "2103", "gu": "강동구", "dong": "둔촌동", "jibun": "52-13", "addr": "강동구 둔촌동 52-13", "지형높이": "평지", "지형형상": "사다리형", "도로접면": "중로한면", "OSC공법": "대형", "approx": false}}, {"type": "Feature", "geometry": {"type": "Point", "coordinates": [127.1447659, 37.5289579]}, "properties": {"id": "2105", "gu": "강동구", "dong": "둔촌동", "jibun": "65-3", "addr": "강동구 둔촌동 65-3", "지형높이": "평지", "지형형상": "세로장방", "도로접면": "소로한면", "OSC공법": "중형", "approx": false}}, {"type": "Feature", "geometry": {"type": "Point", "coordinates": [127.1447659, 37.5289579]}, "properties": {"id": "2109", "gu": "강동구", "dong": "둔촌동", "jibun": "439-1", "addr": "강동구 둔촌동 439-1", "지형높이": "평지", "지형형상": "세로장방", "도로접면": "세로한면(불)", "OSC공법": "소형", "approx": false}}, {"type": "Feature", "geometry": {"type": "Point", "coordinates": [127.1447659, 37.5289579]}, "properties": {"id": "2113", "gu": "강동구", "dong": "둔촌동", "jibun": "457-3", "addr": "강동구 둔촌동 457-3", "지형높이": "평지", "지형형상": "정방형", "도로접면": "세로한면(가)", "OSC공법": "소형", "approx": false}}, {"type": "Feature", "geometry": {"type": "Point", "coordinates": [127.1308542, 37.5582352]}, "properties": {"id": "2119", "gu": "강동구", "dong": "암사동", "jibun": "437-21", "addr": "강동구 암사동 437-21", "지형높이": "평지", "지형형상": "부정형", "도로접면": "소로한면", "OSC공법": "소형", "approx": false}}, {"type": "Feature", "geometry": {"type": "Point", "coordinates": [127.1308542, 37.5582352]}, "properties": {"id": "2125", "gu": "강동구", "dong": "암사동", "jibun": "461-6", "addr": "강동구 암사동 461-6", "지형높이": "평지", "지형형상": "세로장방", "도로접면": "세로한면(가)", "OSC공법": "소형", "approx": false}}, {"type": "Feature", "geometry": {"type": "Point", "coordinates": [127.1308542, 37.5582352]}, "properties": {"id": "2131", "gu": "강동구", "dong": "암사동", "jibun": "478-52", "addr": "강동구 암사동 478-52", "지형높이": "평지", "지형형상": "사다리형", "도로접면": "세로한면(가)", "OSC공법": "소형", "approx": false}}, {"type": "Feature", "geometry": {"type": "Point", "coordinates": [127.12875, 37.52998]}, "properties": {"id": "2147", "gu": "강동구", "dong": "성내동", "jibun": "136-18", "addr": "강동구 성내동 136-18", "지형높이": "평지", "지형형상": "가로장방", "도로접면": "세로한면(가)", "OSC공법": "소형", "approx": false}}, {"type": "Feature", "geometry": {"type": "Point", "coordinates": [127.12875, 37.52998]}, "properties": {"id": "2148", "gu": "강동구", "dong": "성내동", "jibun": "150-4", "addr": "강동구 성내동 150-4", "지형높이": "평지", "지형형상": "사다리형", "도로접면": "세로각지(가)", "OSC공법": "소형", "approx": false}}, {"type": "Feature", "geometry": {"type": "Point", "coordinates": [127.12875, 37.52998]}, "properties": {"id": "2153", "gu": "강동구", "dong": "성내동", "jibun": "387-2", "addr": "강동구 성내동 387-2", "지형높이": "평지", "지형형상": "세로장방", "도로접면": "세로한면(불)", "OSC공법": "소형", "approx": false}}, {"type": "Feature", "geometry": {"type": "Point", "coordinates": [127.12875, 37.52998]}, "properties": {"id": "2155", "gu": "강동구", "dong": "성내동", "jibun": "405-21", "addr": "강동구 성내동 405-21", "지형높이": "평지", "지형형상": "자루형", "도로접면": "세로한면(가)", "OSC공법": "소형", "approx": false}}, {"type": "Feature", "geometry": {"type": "Point", "coordinates": [127.12875, 37.52998]}, "properties": {"id": "2157", "gu": "강동구", "dong": "성내동", "jibun": "411-18", "addr": "강동구 성내동 411-18", "지형높이": "평지", "지형형상": "가로장방", "도로접면": "세로한면(가)", "OSC공법": "소형", "approx": false}}, {"type": "Feature", "geometry": {"type": "Point", "coordinates": [127.12875, 37.52998]}, "properties": {"id": "2158", "gu": "강동구", "dong": "성내동", "jibun": "423-60", "addr": "강동구 성내동 423-60", "지형높이": "평지", "지형형상": "자루형", "도로접면": "소로한면", "OSC공법": "소형", "approx": false}}, {"type": "Feature", "geometry": {"type": "Point", "coordinates": [127.12875, 37.52998]}, "properties": {"id": "2159", "gu": "강동구", "dong": "성내동", "jibun": "431-4", "addr": "강동구 성내동 431-4", "지형높이": "평지", "지형형상": "세로장방", "도로접면": "세로한면(가)", "OSC공법": "소형", "approx": false}}, {"type": "Feature", "geometry": {"type": "Point", "coordinates": [127.12875, 37.52998]}, "properties": {"id": "2160", "gu": "강동구", "dong": "성내동", "jibun": "433-7", "addr": "강동구 성내동 433-7", "지형높이": "평지", "지형형상": "세로장방", "도로접면": "소로한면", "OSC공법": "중형", "approx": false}}, {"type": "Feature", "geometry": {"type": "Point", "coordinates": [127.12875, 37.52998]}, "properties": {"id": "2161", "gu": "강동구", "dong": "성내동", "jibun": "435-32", "addr": "강동구 성내동 435-32", "지형높이": "평지", "지형형상": "자루형", "도로접면": "소로한면", "OSC공법": "소형", "approx": false}}, {"type": "Feature", "geometry": {"type": "Point", "coordinates": [127.12875, 37.52998]}, "properties": {"id": "2166", "gu": "강동구", "dong": "성내동", "jibun": "519-3", "addr": "강동구 성내동 519-3", "지형높이": "평지", "지형형상": "세로장방", "도로접면": "중로한면", "OSC공법": "대형", "approx": false}}, {"type": "Feature", "geometry": {"type": "Point", "coordinates": [126.928177, 37.486897]}, "properties": {"id": "1748", "gu": "관악구", "dong": "신림동", "jibun": "611-36", "addr": "관악구 신림동 611-36", "지형높이": "평지", "지형형상": "사다리형", "도로접면": "세로한면(가)", "OSC공법": "소형", "approx": false}}, {"type": "Feature", "geometry": {"type": "Point", "coordinates": [126.928177, 37.486897]}, "properties": {"id": "1749", "gu": "관악구", "dong": "신림동", "jibun": "611-69", "addr": "관악구 신림동 611-69", "지형높이": "완경사", "지형형상": "세로장방", "도로접면": "세로한면(가)", "OSC공법": "소형", "approx": false}}, {"type": "Feature", "geometry": {"type": "Point", "coordinates": [126.928177, 37.486897]}, "properties": {"id": "1750", "gu": "관악구", "dong": "신림동", "jibun": "618-10", "addr": "관악구 신림동 618-10", "지형높이": "평지", "지형형상": "세로장방", "도로접면": "세로한면(가)", "OSC공법": "소형", "approx": false}}, {"type": "Feature", "geometry": {"type": "Point", "coordinates": [126.928177, 37.486897]}, "properties": {"id": "1751", "gu": "관악구", "dong": "신림동", "jibun": "622-11", "addr": "관악구 신림동 622-11", "지형높이": "평지", "지형형상": "사다리형", "도로접면": "세로한면(불)", "OSC공법": "소형", "approx": false}}, {"type": "Feature", "geometry": {"type": "Point", "coordinates": [126.928177, 37.486897]}, "properties": {"id": "1752", "gu": "관악구", "dong": "신림동", "jibun": "626-58", "addr": "관악구 신림동 626-58", "지형높이": "완경사", "지형형상": "정방형", "도로접면": "세로한면(가)", "OSC공법": "소형", "approx": false}}, {"type": "Feature", "geometry": {"type": "Point", "coordinates": [126.928177, 37.486897]}, "properties": {"id": "1754", "gu": "관악구", "dong": "신림동", "jibun": "629-54", "addr": "관악구 신림동 629-54", "지형높이": "완경사", "지형형상": "정방형", "도로접면": "세로한면(가)", "OSC공법": "소형", "approx": false}}, {"type": "Feature", "geometry": {"type": "Point", "coordinates": [126.928177, 37.486897]}, "properties": {"id": "1755", "gu": "관악구", "dong": "신림동", "jibun": "633-25", "addr": "관악구 신림동 633-25", "지형높이": "평지", "지형형상": "세로장방", "도로접면": "세로한면(가)", "OSC공법": "소형", "approx": false}}, {"type": "Feature", "geometry": {"type": "Point", "coordinates": [126.928177, 37.486897]}, "properties": {"id": "1756", "gu": "관악구", "dong": "신림동", "jibun": "639-13", "addr": "관악구 신림동 639-13", "지형높이": "평지", "지형형상": "사다리형", "도로접면": "세로각지(가)", "OSC공법": "소형", "approx": false}}, {"type": "Feature", "geometry": {"type": "Point", "coordinates": [126.928177, 37.486897]}, "properties": {"id": "1757", "gu": "관악구", "dong": "신림동", "jibun": "646-288", "addr": "관악구 신림동 646-288", "지형높이": "급경사", "지형형상": "사다리형", "도로접면": "세로한면(불)", "OSC공법": "소형", "approx": true}}, {"type": "Feature", "geometry": {"type": "Point", "coordinates": [126.928177, 37.486897]}, "properties": {"id": "1758", "gu": "관악구", "dong": "신림동", "jibun": "646-289", "addr": "관악구 신림동 646-289", "지형높이": "급경사", "지형형상": "정방형", "도로접면": "세로한면(불)", "OSC공법": "소형", "approx": true}}, {"type": "Feature", "geometry": {"type": "Point", "coordinates": [126.928177, 37.486897]}, "properties": {"id": "1762", "gu": "관악구", "dong": "신림동", "jibun": "652-99", "addr": "관악구 신림동 652-99", "지형높이": "완경사", "지형형상": "사다리형", "도로접면": "세로한면(가)", "OSC공법": "소형", "approx": false}}, {"type": "Feature", "geometry": {"type": "Point", "coordinates": [126.928177, 37.486897]}, "properties": {"id": "1764", "gu": "관악구", "dong": "신림동", "jibun": "673-31", "addr": "관악구 신림동 673-31", "지형높이": "평지", "지형형상": "세로장방", "도로접면": "세로한면(가)", "OSC공법": "소형", "approx": false}}, {"type": "Feature", "geometry": {"type": "Point", "coordinates": [126.928177, 37.486897]}, "properties": {"id": "1765", "gu": "관악구", "dong": "신림동", "jibun": "673-77", "addr": "관악구 신림동 673-77", "지형높이": "평지", "지형형상": "사다리형", "도로접면": "세로각지(가)", "OSC공법": "소형", "approx": false}}, {"type": "Feature", "geometry": {"type": "Point", "coordinates": [126.928177, 37.486897]}, "properties": {"id": "1766", "gu": "관악구", "dong": "신림동", "jibun": "675-97", "addr": "관악구 신림동 675-97", "지형높이": "완경사", "지형형상": "사다리형", "도로접면": "소로한면", "OSC공법": "중형", "approx": true}}, {"type": "Feature", "geometry": {"type": "Point", "coordinates": [126.928177, 37.486897]}, "properties": {"id": "1767", "gu": "관악구", "dong": "신림동", "jibun": "675-107", "addr": "관악구 신림동 675-107", "지형높이": "완경사", "지형형상": "세로장방", "도로접면": "세로한면(가)", "OSC공법": "소형", "approx": false}}, {"type": "Feature", "geometry": {"type": "Point", "coordinates": [126.928177, 37.486897]}, "properties": {"id": "1768", "gu": "관악구", "dong": "신림동", "jibun": "706-14", "addr": "관악구 신림동 706-14", "지형높이": "평지", "지형형상": "사다리형", "도로접면": "세로한면(가)", "OSC공법": "소형", "approx": false}}, {"type": "Feature", "geometry": {"type": "Point", "coordinates": [126.928177, 37.486897]}, "properties": {"id": "1769", "gu": "관악구", "dong": "신림동", "jibun": "706-98", "addr": "관악구 신림동 706-98", "지형높이": "평지", "지형형상": "사다리형", "도로접면": "세로한면(가)", "OSC공법": "소형", "approx": false}}, {"type": "Feature", "geometry": {"type": "Point", "coordinates": [126.928177, 37.486897]}, "properties": {"id": "1770", "gu": "관악구", "dong": "신림동", "jibun": "709-1", "addr": "관악구 신림동 709-1", "지형높이": "평지", "지형형상": "부정형", "도로접면": "세로한면(가)", "OSC공법": "소형", "approx": false}}, {"type": "Feature", "geometry": {"type": "Point", "coordinates": [126.928177, 37.486897]}, "properties": {"id": "1771", "gu": "관악구", "dong": "신림동", "jibun": "711-13", "addr": "관악구 신림동 711-13", "지형높이": "완경사", "지형형상": "사다리형", "도로접면": "세로한면(가)", "OSC공법": "소형", "approx": false}}, {"type": "Feature", "geometry": {"type": "Point", "coordinates": [126.928177, 37.486897]}, "properties": {"id": "1772", "gu": "관악구", "dong": "신림동", "jibun": "711-78", "addr": "관악구 신림동 711-78", "지형높이": "평지", "지형형상": "사다리형", "도로접면": "세로각지(가)", "OSC공법": "소형", "approx": false}}, {"type": "Feature", "geometry": {"type": "Point", "coordinates": [126.928177, 37.486897]}, "properties": {"id": "1773", "gu": "관악구", "dong": "신림동", "jibun": "711-79", "addr": "관악구 신림동 711-79", "지형높이": "완경사", "지형형상": "세로장방", "도로접면": "세로각지(가)", "OSC공법": "소형", "approx": true}}, {"type": "Feature", "geometry": {"type": "Point", "coordinates": [126.928177, 37.486897]}, "properties": {"id": "1775", "gu": "관악구", "dong": "신림동", "jibun": "748-28", "addr": "관악구 신림동 748-28", "지형높이": "평지", "지형형상": "부정형", "도로접면": "세로한면(가)", "OSC공법": "소형", "approx": false}}, {"type": "Feature", "geometry": {"type": "Point", "coordinates": [126.928177, 37.486897]}, "properties": {"id": "1776", "gu": "관악구", "dong": "신림동", "jibun": "752-10", "addr": "관악구 신림동 752-10", "지형높이": "평지", "지형형상": "사다리형", "도로접면": "세로한면(가)", "OSC공법": "소형", "approx": false}}, {"type": "Feature", "geometry": {"type": "Point", "coordinates": [126.928177, 37.486897]}, "properties": {"id": "1778", "gu": "관악구", "dong": "신림동", "jibun": "1449-32", "addr": "관악구 신림동 1449-32", "지형높이": "평지", "지형형상": "사다리형", "도로접면": "세로한면(가)", "OSC공법": "소형", "approx": false}}, {"type": "Feature", "geometry": {"type": "Point", "coordinates": [126.9282982, 37.4730961]}, "properties": {"id": "1779", "gu": "관악구", "dong": "신림동", "jibun": "1450-7", "addr": "관악구 신림동 1450-7", "지형높이": "평지", "지형형상": "세로장방", "도로접면": "세로한면(가)", "OSC공법": "소형", "approx": false}}, {"type": "Feature", "geometry": {"type": "Point", "coordinates": [126.928177, 37.486897]}, "properties": {"id": "1780", "gu": "관악구", "dong": "신림동", "jibun": "1491-8", "addr": "관악구 신림동 1491-8", "지형높이": "평지", "지형형상": "자루형", "도로접면": "세로한면(가)", "OSC공법": "소형", "approx": false}}, {"type": "Feature", "geometry": {"type": "Point", "coordinates": [126.928177, 37.486897]}, "properties": {"id": "1783", "gu": "관악구", "dong": "신림동", "jibun": "1561-19", "addr": "관악구 신림동 1561-19", "지형높이": "완경사", "지형형상": "정방형", "도로접면": "소로한면", "OSC공법": "중형", "approx": false}}, {"type": "Feature", "geometry": {"type": "Point", "coordinates": [126.928177, 37.486897]}, "properties": {"id": "1784", "gu": "관악구", "dong": "신림동", "jibun": "1563-32", "addr": "관악구 신림동 1563-32", "지형높이": "완경사", "지형형상": "정방형", "도로접면": "세로한면(가)", "OSC공법": "소형", "approx": false}}, {"type": "Feature", "geometry": {"type": "Point", "coordinates": [126.928177, 37.486897]}, "properties": {"id": "1785", "gu": "관악구", "dong": "신림동", "jibun": "1563-33", "addr": "관악구 신림동 1563-33", "지형높이": "완경사", "지형형상": "정방형", "도로접면": "세로한면(가)", "OSC공법": "소형", "approx": false}}, {"type": "Feature", "geometry": {"type": "Point", "coordinates": [126.928177, 37.486897]}, "properties": {"id": "1786", "gu": "관악구", "dong": "신림동", "jibun": "1563-54", "addr": "관악구 신림동 1563-54", "지형높이": "완경사", "지형형상": "정방형", "도로접면": "세로각지(가)", "OSC공법": "소형", "approx": false}}, {"type": "Feature", "geometry": {"type": "Point", "coordinates": [126.9237234, 37.4890454]}, "properties": {"id": "1788", "gu": "관악구", "dong": "신림동", "jibun": "1564-24", "addr": "관악구 신림동 1564-24", "지형높이": "급경사", "지형형상": "정방형", "도로접면": "세로한면(가)", "OSC공법": "소형", "approx": false}}, {"type": "Feature", "geometry": {"type": "Point", "coordinates": [126.928177, 37.486897]}, "properties": {"id": "1789", "gu": "관악구", "dong": "신림동", "jibun": "1570-12", "addr": "관악구 신림동 1570-12", "지형높이": "평지", "지형형상": "정방형", "도로접면": "세로한면(가)", "OSC공법": "소형", "approx": false}}, {"type": "Feature", "geometry": {"type": "Point", "coordinates": [126.928177, 37.486897]}, "properties": {"id": "1790", "gu": "관악구", "dong": "신림동", "jibun": "1571-6", "addr": "관악구 신림동 1571-6", "지형높이": "평지", "지형형상": "자루형", "도로접면": "세로한면(가)", "OSC공법": "소형", "approx": false}}, {"type": "Feature", "geometry": {"type": "Point", "coordinates": [126.928177, 37.486897]}, "properties": {"id": "1791", "gu": "관악구", "dong": "신림동", "jibun": "1571-21", "addr": "관악구 신림동 1571-21", "지형높이": "평지", "지형형상": "세로장방", "도로접면": "소로한면", "OSC공법": "", "approx": false}}, {"type": "Feature", "geometry": {"type": "Point", "coordinates": [126.928177, 37.486897]}, "properties": {"id": "1792", "gu": "관악구", "dong": "신림동", "jibun": "1571-22", "addr": "관악구 신림동 1571-22", "지형높이": "평지", "지형형상": "세로장방", "도로접면": "소로한면", "OSC공법": "중형", "approx": false}}, {"type": "Feature", "geometry": {"type": "Point", "coordinates": [126.928177, 37.486897]}, "properties": {"id": "1793", "gu": "관악구", "dong": "신림동", "jibun": "1573-6", "addr": "관악구 신림동 1573-6", "지형높이": "평지", "지형형상": "정방형", "도로접면": "세로한면(가)", "OSC공법": "소형", "approx": false}}, {"type": "Feature", "geometry": {"type": "Point", "coordinates": [126.928177, 37.486897]}, "properties": {"id": "1794", "gu": "관악구", "dong": "신림동", "jibun": "1573-28", "addr": "관악구 신림동 1573-28", "지형높이": "평지", "지형형상": "세로장방", "도로접면": "소로한면", "OSC공법": "중형", "approx": false}}, {"type": "Feature", "geometry": {"type": "Point", "coordinates": [126.928177, 37.486897]}, "properties": {"id": "1796", "gu": "관악구", "dong": "신림동", "jibun": "1574-31", "addr": "관악구 신림동 1574-31", "지형높이": "평지", "지형형상": "세로장방", "도로접면": "세로각지(가)", "OSC공법": "소형", "approx": false}}, {"type": "Feature", "geometry": {"type": "Point", "coordinates": [126.928177, 37.486897]}, "properties": {"id": "1797", "gu": "관악구", "dong": "신림동", "jibun": "1629-6", "addr": "관악구 신림동 1629-6", "지형높이": "평지", "지형형상": "사다리형", "도로접면": "세로각지(가)", "OSC공법": "소형", "approx": false}}, {"type": "Feature", "geometry": {"type": "Point", "coordinates": [126.928177, 37.486897]}, "properties": {"id": "1798", "gu": "관악구", "dong": "신림동", "jibun": "1631-38", "addr": "관악구 신림동 1631-38", "지형높이": "평지", "지형형상": "자루형", "도로접면": "세로한면(가)", "OSC공법": "소형", "approx": false}}, {"type": "Feature", "geometry": {"type": "Point", "coordinates": [126.928177, 37.486897]}, "properties": {"id": "1799", "gu": "관악구", "dong": "신림동", "jibun": "1652-12", "addr": "관악구 신림동 1652-12", "지형높이": "평지", "지형형상": "가로장방", "도로접면": "세로한면(가)", "OSC공법": "소형", "approx": false}}, {"type": "Feature", "geometry": {"type": "Point", "coordinates": [126.928177, 37.486897]}, "properties": {"id": "1800", "gu": "관악구", "dong": "신림동", "jibun": "1678-35", "addr": "관악구 신림동 1678-35", "지형높이": "완경사", "지형형상": "정방형", "도로접면": "소로각지", "OSC공법": "중형", "approx": false}}, {"type": "Feature", "geometry": {"type": "Point", "coordinates": [126.9764934, 37.4715479]}, "properties": {"id": "1801", "gu": "관악구", "dong": "남현동", "jibun": "1053-12", "addr": "관악구 남현동 1053-12", "지형높이": "완경사", "지형형상": "자루형", "도로접면": "세로한면(가)", "OSC공법": "소형", "approx": false}}, {"type": "Feature", "geometry": {"type": "Point", "coordinates": [126.81422, 37.57682]}, "properties": {"id": "1358", "gu": "강서구", "dong": "방화동", "jibun": "251-21", "addr": "강서구 방화동 251-21", "지형높이": "평지", "지형형상": "세로장방", "도로접면": "세로한면(가)", "OSC공법": "소형", "approx": false}}, {"type": "Feature", "geometry": {"type": "Point", "coordinates": [126.81422, 37.57682]}, "properties": {"id": "1360", "gu": "강서구", "dong": "방화동", "jibun": "536-14", "addr": "강서구 방화동 536-14", "지형높이": "평지", "지형형상": "사다리형", "도로접면": "세로각지(가)", "OSC공법": "소형", "approx": false}}, {"type": "Feature", "geometry": {"type": "Point", "coordinates": [126.81422, 37.57682]}, "properties": {"id": "1361", "gu": "강서구", "dong": "방화동", "jibun": "564-65", "addr": "강서구 방화동 564-65", "지형높이": "평지", "지형형상": "부정형", "도로접면": "세로한면(가)", "OSC공법": "소형", "approx": false}}, {"type": "Feature", "geometry": {"type": "Point", "coordinates": [126.81422, 37.57682]}, "properties": {"id": "1362", "gu": "강서구", "dong": "방화동", "jibun": "575-18", "addr": "강서구 방화동 575-18", "지형높이": "평지", "지형형상": "사다리형", "도로접면": "세로한면(불)", "OSC공법": "소형", "approx": false}}, {"type": "Feature", "geometry": {"type": "Point", "coordinates": [126.8521196, 37.5162407]}, "properties": {"id": "1013", "gu": "양천구", "dong": "신정동", "jibun": "910-5", "addr": "양천구 신정동 910-5", "지형높이": "평지", "지형형상": "자루형", "도로접면": "세로한면(가)", "OSC공법": "소형", "approx": false}}, {"type": "Feature", "geometry": {"type": "Point", "coordinates": [126.8521196, 37.5162407]}, "properties": {"id": "1017", "gu": "양천구", "dong": "신정동", "jibun": "923-7", "addr": "양천구 신정동 923-7", "지형높이": "완경사", "지형형상": "정방형", "도로접면": "세로한면(가)", "OSC공법": "소형", "approx": false}}, {"type": "Feature", "geometry": {"type": "Point", "coordinates": [126.8521196, 37.5162407]}, "properties": {"id": "1018", "gu": "양천구", "dong": "신정동", "jibun": "926-10", "addr": "양천구 신정동 926-10", "지형높이": "평지", "지형형상": "자루형", "도로접면": "세로한면(가)", "OSC공법": "소형", "approx": false}}, {"type": "Feature", "geometry": {"type": "Point", "coordinates": [126.8521196, 37.5162407]}, "properties": {"id": "1020", "gu": "양천구", "dong": "신정동", "jibun": "928-13", "addr": "양천구 신정동 928-13", "지형높이": "완경사", "지형형상": "정방형", "도로접면": "세로한면(가)", "OSC공법": "소형", "approx": false}}, {"type": "Feature", "geometry": {"type": "Point", "coordinates": [126.8521196, 37.5162407]}, "properties": {"id": "1024", "gu": "양천구", "dong": "신정동", "jibun": "940-17", "addr": "양천구 신정동 940-17", "지형높이": "완경사", "지형형상": "정방형", "도로접면": "세로한면(가)", "OSC공법": "소형", "approx": false}}, {"type": "Feature", "geometry": {"type": "Point", "coordinates": [126.8521196, 37.5162407]}, "properties": {"id": "1025", "gu": "양천구", "dong": "신정동", "jibun": "950-14", "addr": "양천구 신정동 950-14", "지형높이": "완경사", "지형형상": "자루형", "도로접면": "소로한면", "OSC공법": "소형", "approx": false}}, {"type": "Feature", "geometry": {"type": "Point", "coordinates": [126.8521196, 37.5162407]}, "properties": {"id": "1026", "gu": "양천구", "dong": "신정동", "jibun": "957-1", "addr": "양천구 신정동 957-1", "지형높이": "평지", "지형형상": "정방형", "도로접면": "세로각지(가)", "OSC공법": "", "approx": false}}, {"type": "Feature", "geometry": {"type": "Point", "coordinates": [126.8521196, 37.5162407]}, "properties": {"id": "1028", "gu": "양천구", "dong": "신정동", "jibun": "957-29", "addr": "양천구 신정동 957-29", "지형높이": "평지", "지형형상": "자루형", "도로접면": "세로한면(가)", "OSC공법": "소형", "approx": false}}, {"type": "Feature", "geometry": {"type": "Point", "coordinates": [126.8521196, 37.5162407]}, "properties": {"id": "1032", "gu": "양천구", "dong": "신정동", "jibun": "1012-2", "addr": "양천구 신정동 1012-2", "지형높이": "완경사", "지형형상": "세로장방", "도로접면": "소로한면", "OSC공법": "중형", "approx": false}}, {"type": "Feature", "geometry": {"type": "Point", "coordinates": [126.8521196, 37.5162407]}, "properties": {"id": "1033", "gu": "양천구", "dong": "신정동", "jibun": "1016-15", "addr": "양천구 신정동 1016-15", "지형높이": "평지", "지형형상": "세로장방", "도로접면": "소로한면", "OSC공법": "", "approx": false}}, {"type": "Feature", "geometry": {"type": "Point", "coordinates": [126.8521196, 37.5162407]}, "properties": {"id": "1034", "gu": "양천구", "dong": "신정동", "jibun": "1016-23", "addr": "양천구 신정동 1016-23", "지형높이": "평지", "지형형상": "세로장방", "도로접면": "세로한면(가)", "OSC공법": "소형", "approx": false}}, {"type": "Feature", "geometry": {"type": "Point", "coordinates": [126.8521196, 37.5162407]}, "properties": {"id": "1035", "gu": "양천구", "dong": "신정동", "jibun": "1019-19", "addr": "양천구 신정동 1019-19", "지형높이": "평지", "지형형상": "정방형", "도로접면": "소로각지", "OSC공법": "중형", "approx": false}}, {"type": "Feature", "geometry": {"type": "Point", "coordinates": [126.8521196, 37.5162407]}, "properties": {"id": "1036", "gu": "양천구", "dong": "신정동", "jibun": "1026-14", "addr": "양천구 신정동 1026-14", "지형높이": "평지", "지형형상": "자루형", "도로접면": "세로한면(가)", "OSC공법": "소형", "approx": false}}, {"type": "Feature", "geometry": {"type": "Point", "coordinates": [126.8521196, 37.5162407]}, "properties": {"id": "1037", "gu": "양천구", "dong": "신정동", "jibun": "1198-18", "addr": "양천구 신정동 1198-18", "지형높이": "완경사", "지형형상": "세로장방", "도로접면": "세로한면(가)", "OSC공법": "소형", "approx": false}}, {"type": "Feature", "geometry": {"type": "Point", "coordinates": [126.8521196, 37.5162407]}, "properties": {"id": "1038", "gu": "양천구", "dong": "신정동", "jibun": "1217-8", "addr": "양천구 신정동 1217-8", "지형높이": "완경사", "지형형상": "가로장방", "도로접면": "세로각지(가)", "OSC공법": "소형", "approx": false}}, {"type": "Feature", "geometry": {"type": "Point", "coordinates": [126.83692, 37.52782]}, "properties": {"id": "1080", "gu": "양천구", "dong": "신월동", "jibun": "18-9", "addr": "양천구 신월동 18-9", "지형높이": "평지", "지형형상": "자루형", "도로접면": "중로한면", "OSC공법": "소형", "approx": false}}, {"type": "Feature", "geometry": {"type": "Point", "coordinates": [126.83692, 37.52782]}, "properties": {"id": "1082", "gu": "양천구", "dong": "신월동", "jibun": "19-27", "addr": "양천구 신월동 19-27", "지형높이": "평지", "지형형상": "세로장방", "도로접면": "세로한면(불)", "OSC공법": "소형", "approx": false}}, {"type": "Feature", "geometry": {"type": "Point", "coordinates": [126.83692, 37.52782]}, "properties": {"id": "1083", "gu": "양천구", "dong": "신월동", "jibun": "29-14", "addr": "양천구 신월동 29-14", "지형높이": "평지", "지형형상": "정방형", "도로접면": "세로각지(가)", "OSC공법": "소형", "approx": false}}, {"type": "Feature", "geometry": {"type": "Point", "coordinates": [126.83692, 37.52782]}, "properties": {"id": "1085", "gu": "양천구", "dong": "신월동", "jibun": "58-33", "addr": "양천구 신월동 58-33", "지형높이": "평지", "지형형상": "정방형", "도로접면": "세로한면(가)", "OSC공법": "소형", "approx": false}}, {"type": "Feature", "geometry": {"type": "Point", "coordinates": [126.83692, 37.52782]}, "properties": {"id": "1086", "gu": "양천구", "dong": "신월동", "jibun": "58-37", "addr": "양천구 신월동 58-37", "지형높이": "평지", "지형형상": "가로장방", "도로접면": "세로한면(불)", "OSC공법": "소형", "approx": false}}, {"type": "Feature", "geometry": {"type": "Point", "coordinates": [126.83692, 37.52782]}, "properties": {"id": "1087", "gu": "양천구", "dong": "신월동", "jibun": "64-7", "addr": "양천구 신월동 64-7", "지형높이": "평지", "지형형상": "세로장방", "도로접면": "소로한면", "OSC공법": "중형", "approx": false}}, {"type": "Feature", "geometry": {"type": "Point", "coordinates": [126.83692, 37.52782]}, "properties": {"id": "1089", "gu": "양천구", "dong": "신월동", "jibun": "75-10", "addr": "양천구 신월동 75-10", "지형높이": "평지", "지형형상": "정방형", "도로접면": "세로한면(가)", "OSC공법": "소형", "approx": false}}, {"type": "Feature", "geometry": {"type": "Point", "coordinates": [126.83692, 37.52782]}, "properties": {"id": "1090", "gu": "양천구", "dong": "신월동", "jibun": "76-6", "addr": "양천구 신월동 76-6", "지형높이": "평지", "지형형상": "가로장방", "도로접면": "세로각지(가)", "OSC공법": "소형", "approx": false}}, {"type": "Feature", "geometry": {"type": "Point", "coordinates": [126.83692, 37.52782]}, "properties": {"id": "1094", "gu": "양천구", "dong": "신월동", "jibun": "84-7", "addr": "양천구 신월동 84-7", "지형높이": "평지", "지형형상": "세로장방", "도로접면": "세로한면(가)", "OSC공법": "소형", "approx": false}}, {"type": "Feature", "geometry": {"type": "Point", "coordinates": [126.83692, 37.52782]}, "properties": {"id": "1095", "gu": "양천구", "dong": "신월동", "jibun": "84-15", "addr": "양천구 신월동 84-15", "지형높이": "평지", "지형형상": "사다리형", "도로접면": "세로한면(가)", "OSC공법": "소형", "approx": false}}, {"type": "Feature", "geometry": {"type": "Point", "coordinates": [126.83692, 37.52782]}, "properties": {"id": "1096", "gu": "양천구", "dong": "신월동", "jibun": "91-23", "addr": "양천구 신월동 91-23", "지형높이": "평지", "지형형상": "자루형", "도로접면": "세로한면(가)", "OSC공법": "소형", "approx": false}}, {"type": "Feature", "geometry": {"type": "Point", "coordinates": [126.83692, 37.52782]}, "properties": {"id": "1097", "gu": "양천구", "dong": "신월동", "jibun": "94-3", "addr": "양천구 신월동 94-3", "지형높이": "평지", "지형형상": "사다리형", "도로접면": "세로각지(가)", "OSC공법": "", "approx": false}}, {"type": "Feature", "geometry": {"type": "Point", "coordinates": [126.83692, 37.52782]}, "properties": {"id": "1099", "gu": "양천구", "dong": "신월동", "jibun": "98-11", "addr": "양천구 신월동 98-11", "지형높이": "평지", "지형형상": "세로장방", "도로접면": "세로한면(불)", "OSC공법": "소형", "approx": false}}, {"type": "Feature", "geometry": {"type": "Point", "coordinates": [126.83692, 37.52782]}, "properties": {"id": "1100", "gu": "양천구", "dong": "신월동", "jibun": "98-29", "addr": "양천구 신월동 98-29", "지형높이": "평지", "지형형상": "세로장방", "도로접면": "세로한면(불)", "OSC공법": "소형", "approx": false}}, {"type": "Feature", "geometry": {"type": "Point", "coordinates": [126.83692, 37.52782]}, "properties": {"id": "1101", "gu": "양천구", "dong": "신월동", "jibun": "105-23", "addr": "양천구 신월동 105-23", "지형높이": "평지", "지형형상": "자루형", "도로접면": "중로한면", "OSC공법": "소형", "approx": false}}, {"type": "Feature", "geometry": {"type": "Point", "coordinates": [126.83692, 37.52782]}, "properties": {"id": "1102", "gu": "양천구", "dong": "신월동", "jibun": "106-14", "addr": "양천구 신월동 106-14", "지형높이": "평지", "지형형상": "자루형", "도로접면": "세로한면(가)", "OSC공법": "소형", "approx": false}}, {"type": "Feature", "geometry": {"type": "Point", "coordinates": [126.83692, 37.52782]}, "properties": {"id": "1103", "gu": "양천구", "dong": "신월동", "jibun": "107-8", "addr": "양천구 신월동 107-8", "지형높이": "평지", "지형형상": "정방형", "도로접면": "세로한면(가)", "OSC공법": "소형", "approx": false}}, {"type": "Feature", "geometry": {"type": "Point", "coordinates": [126.83692, 37.52782]}, "properties": {"id": "1104", "gu": "양천구", "dong": "신월동", "jibun": "107-13", "addr": "양천구 신월동 107-13", "지형높이": "평지", "지형형상": "세로장방", "도로접면": "세로한면(불)", "OSC공법": "소형", "approx": false}}, {"type": "Feature", "geometry": {"type": "Point", "coordinates": [126.83692, 37.52782]}, "properties": {"id": "1105", "gu": "양천구", "dong": "신월동", "jibun": "110-20", "addr": "양천구 신월동 110-20", "지형높이": "평지", "지형형상": "세로장방", "도로접면": "세로한면(가)", "OSC공법": "소형", "approx": false}}, {"type": "Feature", "geometry": {"type": "Point", "coordinates": [126.83692, 37.52782]}, "properties": {"id": "1106", "gu": "양천구", "dong": "신월동", "jibun": "110-25", "addr": "양천구 신월동 110-25", "지형높이": "평지", "지형형상": "정방형", "도로접면": "세로한면(가)", "OSC공법": "소형", "approx": false}}, {"type": "Feature", "geometry": {"type": "Point", "coordinates": [126.83692, 37.52782]}, "properties": {"id": "1107", "gu": "양천구", "dong": "신월동", "jibun": "114-25", "addr": "양천구 신월동 114-25", "지형높이": "평지", "지형형상": "자루형", "도로접면": "세로한면(가)", "OSC공법": "소형", "approx": false}}, {"type": "Feature", "geometry": {"type": "Point", "coordinates": [126.83692, 37.52782]}, "properties": {"id": "1108", "gu": "양천구", "dong": "신월동", "jibun": "121-13", "addr": "양천구 신월동 121-13", "지형높이": "평지", "지형형상": "자루형", "도로접면": "세로한면(가)", "OSC공법": "소형", "approx": false}}, {"type": "Feature", "geometry": {"type": "Point", "coordinates": [126.83692, 37.52782]}, "properties": {"id": "1109", "gu": "양천구", "dong": "신월동", "jibun": "123-19", "addr": "양천구 신월동 123-19", "지형높이": "평지", "지형형상": "자루형", "도로접면": "세로한면(가)", "OSC공법": "소형", "approx": false}}, {"type": "Feature", "geometry": {"type": "Point", "coordinates": [126.83692, 37.52782]}, "properties": {"id": "1110", "gu": "양천구", "dong": "신월동", "jibun": "124-4", "addr": "양천구 신월동 124-4", "지형높이": "평지", "지형형상": "세로장방", "도로접면": "세로한면(가)", "OSC공법": "", "approx": false}}, {"type": "Feature", "geometry": {"type": "Point", "coordinates": [126.83692, 37.52782]}, "properties": {"id": "1111", "gu": "양천구", "dong": "신월동", "jibun": "124-22", "addr": "양천구 신월동 124-22", "지형높이": "평지", "지형형상": "자루형", "도로접면": "중로한면", "OSC공법": "소형", "approx": false}}, {"type": "Feature", "geometry": {"type": "Point", "coordinates": [126.83692, 37.52782]}, "properties": {"id": "1113", "gu": "양천구", "dong": "신월동", "jibun": "132-5", "addr": "양천구 신월동 132-5", "지형높이": "평지", "지형형상": "자루형", "도로접면": "세로한면(가)", "OSC공법": "소형", "approx": false}}, {"type": "Feature", "geometry": {"type": "Point", "coordinates": [126.83692, 37.52782]}, "properties": {"id": "1114", "gu": "양천구", "dong": "신월동", "jibun": "133-28", "addr": "양천구 신월동 133-28", "지형높이": "평지", "지형형상": "세로장방", "도로접면": "세로한면(가)", "OSC공법": "소형", "approx": false}}, {"type": "Feature", "geometry": {"type": "Point", "coordinates": [126.83692, 37.52782]}, "properties": {"id": "1122", "gu": "양천구", "dong": "신월동", "jibun": "200-24", "addr": "양천구 신월동 200-24", "지형높이": "평지", "지형형상": "자루형", "도로접면": "세로한면(가)", "OSC공법": "소형", "approx": false}}, {"type": "Feature", "geometry": {"type": "Point", "coordinates": [126.83692, 37.52782]}, "properties": {"id": "1123", "gu": "양천구", "dong": "신월동", "jibun": "207-3", "addr": "양천구 신월동 207-3", "지형높이": "평지", "지형형상": "세로장방", "도로접면": "세로한면(가)", "OSC공법": "소형", "approx": false}}, {"type": "Feature", "geometry": {"type": "Point", "coordinates": [126.83692, 37.52782]}, "properties": {"id": "1127", "gu": "양천구", "dong": "신월동", "jibun": "226-4", "addr": "양천구 신월동 226-4", "지형높이": "평지", "지형형상": "자루형", "도로접면": "중로한면", "OSC공법": "소형", "approx": false}}, {"type": "Feature", "geometry": {"type": "Point", "coordinates": [126.83692, 37.52782]}, "properties": {"id": "1129", "gu": "양천구", "dong": "신월동", "jibun": "232-25", "addr": "양천구 신월동 232-25", "지형높이": "평지", "지형형상": "자루형", "도로접면": "세로한면(가)", "OSC공법": "소형", "approx": false}}, {"type": "Feature", "geometry": {"type": "Point", "coordinates": [126.83692, 37.52782]}, "properties": {"id": "1131", "gu": "양천구", "dong": "신월동", "jibun": "233-6", "addr": "양천구 신월동 233-6", "지형높이": "평지", "지형형상": "자루형", "도로접면": "세로한면(가)", "OSC공법": "소형", "approx": false}}, {"type": "Feature", "geometry": {"type": "Point", "coordinates": [126.83692, 37.52782]}, "properties": {"id": "1132", "gu": "양천구", "dong": "신월동", "jibun": "233-7", "addr": "양천구 신월동 233-7", "지형높이": "평지", "지형형상": "자루형", "도로접면": "세로한면(가)", "OSC공법": "소형", "approx": false}}, {"type": "Feature", "geometry": {"type": "Point", "coordinates": [126.83692, 37.52782]}, "properties": {"id": "1133", "gu": "양천구", "dong": "신월동", "jibun": "233-12", "addr": "양천구 신월동 233-12", "지형높이": "평지", "지형형상": "자루형", "도로접면": "세로한면(가)", "OSC공법": "소형", "approx": false}}, {"type": "Feature", "geometry": {"type": "Point", "coordinates": [126.83692, 37.52782]}, "properties": {"id": "1134", "gu": "양천구", "dong": "신월동", "jibun": "233-23", "addr": "양천구 신월동 233-23", "지형높이": "평지", "지형형상": "가로장방", "도로접면": "세로한면(가)", "OSC공법": "", "approx": false}}, {"type": "Feature", "geometry": {"type": "Point", "coordinates": [126.83692, 37.52782]}, "properties": {"id": "1135", "gu": "양천구", "dong": "신월동", "jibun": "233-25", "addr": "양천구 신월동 233-25", "지형높이": "평지", "지형형상": "정방형", "도로접면": "세로한면(불)", "OSC공법": "소형", "approx": false}}, {"type": "Feature", "geometry": {"type": "Point", "coordinates": [126.83692, 37.52782]}, "properties": {"id": "1136", "gu": "양천구", "dong": "신월동", "jibun": "242-12", "addr": "양천구 신월동 242-12", "지형높이": "평지", "지형형상": "세로장방", "도로접면": "세로각지(가)", "OSC공법": "소형", "approx": false}}, {"type": "Feature", "geometry": {"type": "Point", "coordinates": [126.83692, 37.52782]}, "properties": {"id": "1137", "gu": "양천구", "dong": "신월동", "jibun": "243-22", "addr": "양천구 신월동 243-22", "지형높이": "평지", "지형형상": "정방형", "도로접면": "세로한면(가)", "OSC공법": "소형", "approx": false}}, {"type": "Feature", "geometry": {"type": "Point", "coordinates": [126.83692, 37.52782]}, "properties": {"id": "1141", "gu": "양천구", "dong": "신월동", "jibun": "439-2", "addr": "양천구 신월동 439-2", "지형높이": "평지", "지형형상": "세로장방", "도로접면": "세로한면(가)", "OSC공법": "", "approx": false}}, {"type": "Feature", "geometry": {"type": "Point", "coordinates": [126.86025, 37.5498936]}, "properties": {"id": "1150", "gu": "강서구", "dong": "등촌동", "jibun": "365-50", "addr": "강서구 등촌동 365-50", "지형높이": "완경사", "지형형상": "세로장방", "도로접면": "세로각지(가)", "OSC공법": "소형", "approx": false}}, {"type": "Feature", "geometry": {"type": "Point", "coordinates": [126.86025, 37.5498936]}, "properties": {"id": "1151", "gu": "강서구", "dong": "등촌동", "jibun": "533-41", "addr": "강서구 등촌동 533-41", "지형높이": "평지", "지형형상": "사다리형", "도로접면": "세로각지(가)", "OSC공법": "소형", "approx": false}}, {"type": "Feature", "geometry": {"type": "Point", "coordinates": [126.86025, 37.5498936]}, "properties": {"id": "1152", "gu": "강서구", "dong": "등촌동", "jibun": "568-27", "addr": "강서구 등촌동 568-27", "지형높이": "완경사", "지형형상": "세로장방", "도로접면": "세로한면(가)", "OSC공법": "소형", "approx": false}}, {"type": "Feature", "geometry": {"type": "Point", "coordinates": [126.86025, 37.5498936]}, "properties": {"id": "1153", "gu": "강서구", "dong": "등촌동", "jibun": "569-5", "addr": "강서구 등촌동 569-5", "지형높이": "완경사", "지형형상": "정방형", "도로접면": "세로한면(가)", "OSC공법": "소형", "approx": false}}, {"type": "Feature", "geometry": {"type": "Point", "coordinates": [126.86025, 37.5498936]}, "properties": {"id": "1154", "gu": "강서구", "dong": "등촌동", "jibun": "569-14", "addr": "강서구 등촌동 569-14", "지형높이": "완경사", "지형형상": "정방형", "도로접면": "세로한면(가)", "OSC공법": "소형", "approx": false}}, {"type": "Feature", "geometry": {"type": "Point", "coordinates": [126.86025, 37.5498936]}, "properties": {"id": "1155", "gu": "강서구", "dong": "등촌동", "jibun": "647-19", "addr": "강서구 등촌동 647-19", "지형높이": "평지", "지형형상": "세로장방", "도로접면": "세로한면(가)", "OSC공법": "소형", "approx": false}}, {"type": "Feature", "geometry": {"type": "Point", "coordinates": [126.84656, 37.54208]}, "properties": {"id": "1158", "gu": "강서구", "dong": "화곡동", "jibun": "24-221", "addr": "강서구 화곡동 24-221", "지형높이": "평지", "지형형상": "정방형", "도로접면": "세로한면(가)", "OSC공법": "소형", "approx": false}}, {"type": "Feature", "geometry": {"type": "Point", "coordinates": [126.84656, 37.54208]}, "properties": {"id": "1159", "gu": "강서구", "dong": "화곡동", "jibun": "29-14", "addr": "강서구 화곡동 29-14", "지형높이": "평지", "지형형상": "정방형", "도로접면": "세로한면(가)", "OSC공법": "", "approx": false}}, {"type": "Feature", "geometry": {"type": "Point", "coordinates": [126.84656, 37.54208]}, "properties": {"id": "1160", "gu": "강서구", "dong": "화곡동", "jibun": "29-87", "addr": "강서구 화곡동 29-87", "지형높이": "평지", "지형형상": "사다리형", "도로접면": "세로한면(불)", "OSC공법": "소형", "approx": false}}, {"type": "Feature", "geometry": {"type": "Point", "coordinates": [126.84656, 37.54208]}, "properties": {"id": "1161", "gu": "강서구", "dong": "화곡동", "jibun": "29-199", "addr": "강서구 화곡동 29-199", "지형높이": "평지", "지형형상": "사다리형", "도로접면": "세로한면(가)", "OSC공법": "소형", "approx": false}}, {"type": "Feature", "geometry": {"type": "Point", "coordinates": [126.84656, 37.54208]}, "properties": {"id": "1163", "gu": "강서구", "dong": "화곡동", "jibun": "46-15", "addr": "강서구 화곡동 46-15", "지형높이": "평지", "지형형상": "세로장방", "도로접면": "세로한면(가)", "OSC공법": "소형", "approx": false}}, {"type": "Feature", "geometry": {"type": "Point", "coordinates": [126.8479565, 37.5484482]}, "properties": {"id": "1165", "gu": "강서구", "dong": "화곡동", "jibun": "46-294", "addr": "강서구 화곡동 46-294", "지형높이": "평지", "지형형상": "세로장방", "도로접면": "세로한면(가)", "OSC공법": "소형", "approx": false}}, {"type": "Feature", "geometry": {"type": "Point", "coordinates": [126.8479565, 37.5484482]}, "properties": {"id": "1166", "gu": "강서구", "dong": "화곡동", "jibun": "46-308", "addr": "강서구 화곡동 46-308", "지형높이": "평지", "지형형상": "세로장방", "도로접면": "세로한면(가)", "OSC공법": "소형", "approx": false}}, {"type": "Feature", "geometry": {"type": "Point", "coordinates": [126.84656, 37.54208]}, "properties": {"id": "1167", "gu": "강서구", "dong": "화곡동", "jibun": "50-72", "addr": "강서구 화곡동 50-72", "지형높이": "완경사", "지형형상": "세로장방", "도로접면": "세로각지(가)", "OSC공법": "소형", "approx": false}}, {"type": "Feature", "geometry": {"type": "Point", "coordinates": [126.84656, 37.54208]}, "properties": {"id": "1169", "gu": "강서구", "dong": "화곡동", "jibun": "50-81", "addr": "강서구 화곡동 50-81", "지형높이": "완경사", "지형형상": "사다리형", "도로접면": "세로한면(가)", "OSC공법": "소형", "approx": false}}, {"type": "Feature", "geometry": {"type": "Point", "coordinates": [126.84656, 37.54208]}, "properties": {"id": "1170", "gu": "강서구", "dong": "화곡동", "jibun": "50-94", "addr": "강서구 화곡동 50-94", "지형높이": "완경사", "지형형상": "세로장방", "도로접면": "세로한면(가)", "OSC공법": "소형", "approx": false}}, {"type": "Feature", "geometry": {"type": "Point", "coordinates": [126.84656, 37.54208]}, "properties": {"id": "1173", "gu": "강서구", "dong": "화곡동", "jibun": "55-71", "addr": "강서구 화곡동 55-71", "지형높이": "완경사", "지형형상": "세로장방", "도로접면": "세로한면(가)", "OSC공법": "소형", "approx": false}}, {"type": "Feature", "geometry": {"type": "Point", "coordinates": [126.84656, 37.54208]}, "properties": {"id": "1175", "gu": "강서구", "dong": "화곡동", "jibun": "55-95", "addr": "강서구 화곡동 55-95", "지형높이": "완경사", "지형형상": "정방형", "도로접면": "세로한면(가)", "OSC공법": "소형", "approx": false}}, {"type": "Feature", "geometry": {"type": "Point", "coordinates": [126.84656, 37.54208]}, "properties": {"id": "1176", "gu": "강서구", "dong": "화곡동", "jibun": "56-16", "addr": "강서구 화곡동 56-16", "지형높이": "완경사", "지형형상": "정방형", "도로접면": "세로각지(가)", "OSC공법": "소형", "approx": false}}, {"type": "Feature", "geometry": {"type": "Point", "coordinates": [126.84656, 37.54208]}, "properties": {"id": "1178", "gu": "강서구", "dong": "화곡동", "jibun": "56-85", "addr": "강서구 화곡동 56-85", "지형높이": "완경사", "지형형상": "세로장방", "도로접면": "세로한면(가)", "OSC공법": "소형", "approx": false}}, {"type": "Feature", "geometry": {"type": "Point", "coordinates": [126.8441752, 37.542134]}, "properties": {"id": "1184", "gu": "강서구", "dong": "화곡동", "jibun": "56-224", "addr": "강서구 화곡동 56-224", "지형높이": "완경사", "지형형상": "세로장방", "도로접면": "세로한면(가)", "OSC공법": "소형", "approx": true}}, {"type": "Feature", "geometry": {"type": "Point", "coordinates": [126.8441752, 37.542134]}, "properties": {"id": "1189", "gu": "강서구", "dong": "화곡동", "jibun": "56-424", "addr": "강서구 화곡동 56-424", "지형높이": "완경사", "지형형상": "세로장방", "도로접면": "세로한면(가)", "OSC공법": "", "approx": true}}, {"type": "Feature", "geometry": {"type": "Point", "coordinates": [126.8441752, 37.542134]}, "properties": {"id": "1190", "gu": "강서구", "dong": "화곡동", "jibun": "56-489", "addr": "강서구 화곡동 56-489", "지형높이": "완경사", "지형형상": "가로장방", "도로접면": "세로각지(가)", "OSC공법": "소형", "approx": true}}, {"type": "Feature", "geometry": {"type": "Point", "coordinates": [126.8441752, 37.542134]}, "properties": {"id": "1191", "gu": "강서구", "dong": "화곡동", "jibun": "56-493", "addr": "강서구 화곡동 56-493", "지형높이": "완경사", "지형형상": "사다리형", "도로접면": "세로각지(가)", "OSC공법": "", "approx": true}}, {"type": "Feature", "geometry": {"type": "Point", "coordinates": [126.8441752, 37.542134]}, "properties": {"id": "1192", "gu": "강서구", "dong": "화곡동", "jibun": "56-509", "addr": "강서구 화곡동 56-509", "지형높이": "완경사", "지형형상": "세로장방", "도로접면": "세로한면(가)", "OSC공법": "소형", "approx": true}}, {"type": "Feature", "geometry": {"type": "Point", "coordinates": [126.8441752, 37.542134]}, "properties": {"id": "1193", "gu": "강서구", "dong": "화곡동", "jibun": "56-522", "addr": "강서구 화곡동 56-522", "지형높이": "완경사", "지형형상": "세로장방", "도로접면": "세로한면(가)", "OSC공법": "소형", "approx": true}}, {"type": "Feature", "geometry": {"type": "Point", "coordinates": [126.8441752, 37.542134]}, "properties": {"id": "1194", "gu": "강서구", "dong": "화곡동", "jibun": "56-542", "addr": "강서구 화곡동 56-542", "지형높이": "완경사", "지형형상": "자루형", "도로접면": "세로한면(가)", "OSC공법": "소형", "approx": true}}, {"type": "Feature", "geometry": {"type": "Point", "coordinates": [126.84656, 37.54208]}, "properties": {"id": "1196", "gu": "강서구", "dong": "화곡동", "jibun": "57-21", "addr": "강서구 화곡동 57-21", "지형높이": "완경사", "지형형상": "세로장방", "도로접면": "세로한면(가)", "OSC공법": "소형", "approx": false}}, {"type": "Feature", "geometry": {"type": "Point", "coordinates": [126.84656, 37.54208]}, "properties": {"id": "1198", "gu": "강서구", "dong": "화곡동", "jibun": "59-39", "addr": "강서구 화곡동 59-39", "지형높이": "평지", "지형형상": "자루형", "도로접면": "세로한면(가)", "OSC공법": "소형", "approx": false}}, {"type": "Feature", "geometry": {"type": "Point", "coordinates": [126.84656, 37.54208]}, "properties": {"id": "1200", "gu": "강서구", "dong": "화곡동", "jibun": "61-89", "addr": "강서구 화곡동 61-89", "지형높이": "완경사", "지형형상": "정방형", "도로접면": "세로한면(가)", "OSC공법": "소형", "approx": false}}, {"type": "Feature", "geometry": {"type": "Point", "coordinates": [126.84656, 37.54208]}, "properties": {"id": "1201", "gu": "강서구", "dong": "화곡동", "jibun": "61-113", "addr": "강서구 화곡동 61-113", "지형높이": "평지", "지형형상": "정방형", "도로접면": "소로한면", "OSC공법": "중형", "approx": false}}, {"type": "Feature", "geometry": {"type": "Point", "coordinates": [126.84656, 37.54208]}, "properties": {"id": "1202", "gu": "강서구", "dong": "화곡동", "jibun": "95-102", "addr": "강서구 화곡동 95-102", "지형높이": "완경사", "지형형상": "세로장방", "도로접면": "세로한면(가)", "OSC공법": "소형", "approx": false}}, {"type": "Feature", "geometry": {"type": "Point", "coordinates": [126.84656, 37.54208]}, "properties": {"id": "1203", "gu": "강서구", "dong": "화곡동", "jibun": "98-31", "addr": "강서구 화곡동 98-31", "지형높이": "평지", "지형형상": "사다리형", "도로접면": "세로한면(가)", "OSC공법": "소형", "approx": false}}, {"type": "Feature", "geometry": {"type": "Point", "coordinates": [126.84656, 37.54208]}, "properties": {"id": "1205", "gu": "강서구", "dong": "화곡동", "jibun": "102-170", "addr": "강서구 화곡동 102-170", "지형높이": "완경사", "지형형상": "가로장방", "도로접면": "세로한면(가)", "OSC공법": "", "approx": false}}, {"type": "Feature", "geometry": {"type": "Point", "coordinates": [126.8441752, 37.542134]}, "properties": {"id": "1206", "gu": "강서구", "dong": "화곡동", "jibun": "102-356", "addr": "강서구 화곡동 102-356", "지형높이": "완경사", "지형형상": "가로장방", "도로접면": "세로한면(가)", "OSC공법": "소형", "approx": true}}, {"type": "Feature", "geometry": {"type": "Point", "coordinates": [126.8441752, 37.542134]}, "properties": {"id": "1207", "gu": "강서구", "dong": "화곡동", "jibun": "105-437", "addr": "강서구 화곡동 105-437", "지형높이": "완경사", "지형형상": "사다리형", "도로접면": "세로한면(불)", "OSC공법": "소형", "approx": true}}, {"type": "Feature", "geometry": {"type": "Point", "coordinates": [126.8441752, 37.542134]}, "properties": {"id": "1209", "gu": "강서구", "dong": "화곡동", "jibun": "105-426", "addr": "강서구 화곡동 105-426", "지형높이": "완경사", "지형형상": "세로장방", "도로접면": "세로한면(가)", "OSC공법": "", "approx": true}}, {"type": "Feature", "geometry": {"type": "Point", "coordinates": [126.84656, 37.54208]}, "properties": {"id": "1210", "gu": "강서구", "dong": "화곡동", "jibun": "151-12", "addr": "강서구 화곡동 151-12", "지형높이": "완경사", "지형형상": "세로장방", "도로접면": "세로한면(가)", "OSC공법": "소형", "approx": false}}, {"type": "Feature", "geometry": {"type": "Point", "coordinates": [126.84656, 37.54208]}, "properties": {"id": "1211", "gu": "강서구", "dong": "화곡동", "jibun": "156-27", "addr": "강서구 화곡동 156-27", "지형높이": "완경사", "지형형상": "세로장방", "도로접면": "세로한면(가)", "OSC공법": "소형", "approx": false}}, {"type": "Feature", "geometry": {"type": "Point", "coordinates": [126.84656, 37.54208]}, "properties": {"id": "1212", "gu": "강서구", "dong": "화곡동", "jibun": "156-29", "addr": "강서구 화곡동 156-29", "지형높이": "완경사", "지형형상": "세로장방", "도로접면": "소로한면", "OSC공법": "중형", "approx": false}}, {"type": "Feature", "geometry": {"type": "Point", "coordinates": [126.84656, 37.54208]}, "properties": {"id": "1213", "gu": "강서구", "dong": "화곡동", "jibun": "158-10", "addr": "강서구 화곡동 158-10", "지형높이": "완경사", "지형형상": "정방형", "도로접면": "세로각지(가)", "OSC공법": "", "approx": false}}, {"type": "Feature", "geometry": {"type": "Point", "coordinates": [126.84656, 37.54208]}, "properties": {"id": "1214", "gu": "강서구", "dong": "화곡동", "jibun": "158-27", "addr": "강서구 화곡동 158-27", "지형높이": "완경사", "지형형상": "세로장방", "도로접면": "세로한면(가)", "OSC공법": "소형", "approx": false}}, {"type": "Feature", "geometry": {"type": "Point", "coordinates": [126.84656, 37.54208]}, "properties": {"id": "1215", "gu": "강서구", "dong": "화곡동", "jibun": "158-46", "addr": "강서구 화곡동 158-46", "지형높이": "완경사", "지형형상": "정방형", "도로접면": "세로한면(가)", "OSC공법": "", "approx": false}}, {"type": "Feature", "geometry": {"type": "Point", "coordinates": [126.84656, 37.54208]}, "properties": {"id": "1218", "gu": "강서구", "dong": "화곡동", "jibun": "167-41", "addr": "강서구 화곡동 167-41", "지형높이": "완경사", "지형형상": "가로장방", "도로접면": "소로각지", "OSC공법": "중형", "approx": false}}, {"type": "Feature", "geometry": {"type": "Point", "coordinates": [126.84656, 37.54208]}, "properties": {"id": "1219", "gu": "강서구", "dong": "화곡동", "jibun": "167-42", "addr": "강서구 화곡동 167-42", "지형높이": "완경사", "지형형상": "가로장방", "도로접면": "세로각지(가)", "OSC공법": "", "approx": false}}, {"type": "Feature", "geometry": {"type": "Point", "coordinates": [126.84656, 37.54208]}, "properties": {"id": "1221", "gu": "강서구", "dong": "화곡동", "jibun": "351-11", "addr": "강서구 화곡동 351-11", "지형높이": "완경사", "지형형상": "세로장방", "도로접면": "세로한면(가)", "OSC공법": "소형", "approx": false}}, {"type": "Feature", "geometry": {"type": "Point", "coordinates": [126.84656, 37.54208]}, "properties": {"id": "1225", "gu": "강서구", "dong": "화곡동", "jibun": "359-41", "addr": "강서구 화곡동 359-41", "지형높이": "평지", "지형형상": "세로장방", "도로접면": "세로한면(가)", "OSC공법": "소형", "approx": false}}, {"type": "Feature", "geometry": {"type": "Point", "coordinates": [126.84656, 37.54208]}, "properties": {"id": "1227", "gu": "강서구", "dong": "화곡동", "jibun": "366-95", "addr": "강서구 화곡동 366-95", "지형높이": "평지", "지형형상": "세로장방", "도로접면": "세로각지(가)", "OSC공법": "소형", "approx": false}}, {"type": "Feature", "geometry": {"type": "Point", "coordinates": [126.8441752, 37.542134]}, "properties": {"id": "1228", "gu": "강서구", "dong": "화곡동", "jibun": "368-71", "addr": "강서구 화곡동 368-71", "지형높이": "평지", "지형형상": "세로장방", "도로접면": "세로한면(가)", "OSC공법": "소형", "approx": true}}, {"type": "Feature", "geometry": {"type": "Point", "coordinates": [126.84656, 37.54208]}, "properties": {"id": "1229", "gu": "강서구", "dong": "화곡동", "jibun": "369-13", "addr": "강서구 화곡동 369-13", "지형높이": "평지", "지형형상": "세로장방", "도로접면": "세로한면(가)", "OSC공법": "소형", "approx": false}}, {"type": "Feature", "geometry": {"type": "Point", "coordinates": [126.84656, 37.54208]}, "properties": {"id": "1230", "gu": "강서구", "dong": "화곡동", "jibun": "369-22", "addr": "강서구 화곡동 369-22", "지형높이": "평지", "지형형상": "세로장방", "도로접면": "세로한면(가)", "OSC공법": "소형", "approx": false}}, {"type": "Feature", "geometry": {"type": "Point", "coordinates": [126.84656, 37.54208]}, "properties": {"id": "1235", "gu": "강서구", "dong": "화곡동", "jibun": "395-2", "addr": "강서구 화곡동 395-2", "지형높이": "완경사", "지형형상": "사다리형", "도로접면": "세로한면(가)", "OSC공법": "소형", "approx": false}}, {"type": "Feature", "geometry": {"type": "Point", "coordinates": [126.84656, 37.54208]}, "properties": {"id": "1236", "gu": "강서구", "dong": "화곡동", "jibun": "397-26", "addr": "강서구 화곡동 397-26", "지형높이": "평지", "지형형상": "세로장방", "도로접면": "세로한면(가)", "OSC공법": "", "approx": false}}, {"type": "Feature", "geometry": {"type": "Point", "coordinates": [126.84656, 37.54208]}, "properties": {"id": "1238", "gu": "강서구", "dong": "화곡동", "jibun": "408-83", "addr": "강서구 화곡동 408-83", "지형높이": "완경사", "지형형상": "가로장방", "도로접면": "세로한면(불)", "OSC공법": "소형", "approx": false}}, {"type": "Feature", "geometry": {"type": "Point", "coordinates": [126.84656, 37.54208]}, "properties": {"id": "1239", "gu": "강서구", "dong": "화곡동", "jibun": "409-50", "addr": "강서구 화곡동 409-50", "지형높이": "완경사", "지형형상": "세로장방", "도로접면": "세로한면(가)", "OSC공법": "소형", "approx": false}}, {"type": "Feature", "geometry": {"type": "Point", "coordinates": [126.8441752, 37.542134]}, "properties": {"id": "1240", "gu": "강서구", "dong": "화곡동", "jibun": "409-145", "addr": "강서구 화곡동 409-145", "지형높이": "완경사", "지형형상": "세로장방", "도로접면": "세로한면(불)", "OSC공법": "소형", "approx": true}}, {"type": "Feature", "geometry": {"type": "Point", "coordinates": [126.8441752, 37.542134]}, "properties": {"id": "1241", "gu": "강서구", "dong": "화곡동", "jibun": "409-224", "addr": "강서구 화곡동 409-224", "지형높이": "완경사", "지형형상": "가로장방", "도로접면": "세로한면(가)", "OSC공법": "소형", "approx": true}}, {"type": "Feature", "geometry": {"type": "Point", "coordinates": [126.84656, 37.54208]}, "properties": {"id": "1242", "gu": "강서구", "dong": "화곡동", "jibun": "410-11", "addr": "강서구 화곡동 410-11", "지형높이": "완경사", "지형형상": "세로장방", "도로접면": "세로한면(가)", "OSC공법": "소형", "approx": false}}, {"type": "Feature", "geometry": {"type": "Point", "coordinates": [126.8441752, 37.542134]}, "properties": {"id": "1244", "gu": "강서구", "dong": "화곡동", "jibun": "410-176", "addr": "강서구 화곡동 410-176", "지형높이": "완경사", "지형형상": "정방형", "도로접면": "세로한면(불)", "OSC공법": "소형", "approx": true}}, {"type": "Feature", "geometry": {"type": "Point", "coordinates": [126.8441752, 37.542134]}, "properties": {"id": "1246", "gu": "강서구", "dong": "화곡동", "jibun": "410-208", "addr": "강서구 화곡동 410-208", "지형높이": "완경사", "지형형상": "가로장방", "도로접면": "세로각지(가)", "OSC공법": "소형", "approx": true}}, {"type": "Feature", "geometry": {"type": "Point", "coordinates": [126.8441752, 37.542134]}, "properties": {"id": "1248", "gu": "강서구", "dong": "화곡동", "jibun": "424-158", "addr": "강서구 화곡동 424-158", "지형높이": "평지", "지형형상": "세로장방", "도로접면": "세로한면(가)", "OSC공법": "", "approx": true}}, {"type": "Feature", "geometry": {"type": "Point", "coordinates": [126.84656, 37.54208]}, "properties": {"id": "1249", "gu": "강서구", "dong": "화곡동", "jibun": "452-13", "addr": "강서구 화곡동 452-13", "지형높이": "완경사", "지형형상": "세로장방", "도로접면": "소로한면", "OSC공법": "중형", "approx": false}}, {"type": "Feature", "geometry": {"type": "Point", "coordinates": [126.84656, 37.54208]}, "properties": {"id": "1250", "gu": "강서구", "dong": "화곡동", "jibun": "454-7", "addr": "강서구 화곡동 454-7", "지형높이": "완경사", "지형형상": "세로장방", "도로접면": "소로한면", "OSC공법": "중형", "approx": false}}, {"type": "Feature", "geometry": {"type": "Point", "coordinates": [126.84656, 37.54208]}, "properties": {"id": "1251", "gu": "강서구", "dong": "화곡동", "jibun": "455-18", "addr": "강서구 화곡동 455-18", "지형높이": "완경사", "지형형상": "세로장방", "도로접면": "세로한면(가)", "OSC공법": "소형", "approx": false}}, {"type": "Feature", "geometry": {"type": "Point", "coordinates": [126.84656, 37.54208]}, "properties": {"id": "1253", "gu": "강서구", "dong": "화곡동", "jibun": "459-10", "addr": "강서구 화곡동 459-10", "지형높이": "완경사", "지형형상": "가로장방", "도로접면": "세로한면(불)", "OSC공법": "", "approx": false}}, {"type": "Feature", "geometry": {"type": "Point", "coordinates": [126.84656, 37.54208]}, "properties": {"id": "1255", "gu": "강서구", "dong": "화곡동", "jibun": "465-17", "addr": "강서구 화곡동 465-17", "지형높이": "평지", "지형형상": "정방형", "도로접면": "세로한면(가)", "OSC공법": "소형", "approx": false}}, {"type": "Feature", "geometry": {"type": "Point", "coordinates": [126.84656, 37.54208]}, "properties": {"id": "1263", "gu": "강서구", "dong": "화곡동", "jibun": "504-35", "addr": "강서구 화곡동 504-35", "지형높이": "완경사", "지형형상": "세로장방", "도로접면": "세로한면(가)", "OSC공법": "소형", "approx": false}}, {"type": "Feature", "geometry": {"type": "Point", "coordinates": [126.84656, 37.54208]}, "properties": {"id": "1264", "gu": "강서구", "dong": "화곡동", "jibun": "504-153", "addr": "강서구 화곡동 504-153", "지형높이": "완경사", "지형형상": "사다리형", "도로접면": "세로한면(가)", "OSC공법": "소형", "approx": false}}, {"type": "Feature", "geometry": {"type": "Point", "coordinates": [126.84656, 37.54208]}, "properties": {"id": "1266", "gu": "강서구", "dong": "화곡동", "jibun": "772-29", "addr": "강서구 화곡동 772-29", "지형높이": "완경사", "지형형상": "세로장방", "도로접면": "세로각지(가)", "OSC공법": "", "approx": false}}, {"type": "Feature", "geometry": {"type": "Point", "coordinates": [126.84656, 37.54208]}, "properties": {"id": "1267", "gu": "강서구", "dong": "화곡동", "jibun": "772-38", "addr": "강서구 화곡동 772-38", "지형높이": "완경사", "지형형상": "정방형", "도로접면": "세로한면(가)", "OSC공법": "소형", "approx": false}}, {"type": "Feature", "geometry": {"type": "Point", "coordinates": [126.84656, 37.54208]}, "properties": {"id": "1272", "gu": "강서구", "dong": "화곡동", "jibun": "814-35", "addr": "강서구 화곡동 814-35", "지형높이": "평지", "지형형상": "사다리형", "도로접면": "세로각지(가)", "OSC공법": "소형", "approx": false}}, {"type": "Feature", "geometry": {"type": "Point", "coordinates": [126.84656, 37.54208]}, "properties": {"id": "1274", "gu": "강서구", "dong": "화곡동", "jibun": "821-27", "addr": "강서구 화곡동 821-27", "지형높이": "평지", "지형형상": "정방형", "도로접면": "소로한면", "OSC공법": "중형", "approx": false}}, {"type": "Feature", "geometry": {"type": "Point", "coordinates": [126.84656, 37.54208]}, "properties": {"id": "1276", "gu": "강서구", "dong": "화곡동", "jibun": "826-3", "addr": "강서구 화곡동 826-3", "지형높이": "평지", "지형형상": "세로장방", "도로접면": "세로한면(가)", "OSC공법": "소형", "approx": false}}, {"type": "Feature", "geometry": {"type": "Point", "coordinates": [126.84656, 37.54208]}, "properties": {"id": "1279", "gu": "강서구", "dong": "화곡동", "jibun": "845-34", "addr": "강서구 화곡동 845-34", "지형높이": "평지", "지형형상": "세로장방", "도로접면": "세로한면(불)", "OSC공법": "소형", "approx": false}}, {"type": "Feature", "geometry": {"type": "Point", "coordinates": [126.84656, 37.54208]}, "properties": {"id": "1280", "gu": "강서구", "dong": "화곡동", "jibun": "846-45", "addr": "강서구 화곡동 846-45", "지형높이": "평지", "지형형상": "세로장방", "도로접면": "세로각지(가)", "OSC공법": "소형", "approx": false}}, {"type": "Feature", "geometry": {"type": "Point", "coordinates": [126.84656, 37.54208]}, "properties": {"id": "1281", "gu": "강서구", "dong": "화곡동", "jibun": "850-4", "addr": "강서구 화곡동 850-4", "지형높이": "평지", "지형형상": "세로장방", "도로접면": "소로한면", "OSC공법": "중형", "approx": false}}, {"type": "Feature", "geometry": {"type": "Point", "coordinates": [126.84656, 37.54208]}, "properties": {"id": "1282", "gu": "강서구", "dong": "화곡동", "jibun": "852-28", "addr": "강서구 화곡동 852-28", "지형높이": "평지", "지형형상": "가로장방", "도로접면": "세로한면(가)", "OSC공법": "소형", "approx": false}}, {"type": "Feature", "geometry": {"type": "Point", "coordinates": [126.84656, 37.54208]}, "properties": {"id": "1283", "gu": "강서구", "dong": "화곡동", "jibun": "858-22", "addr": "강서구 화곡동 858-22", "지형높이": "평지", "지형형상": "자루형", "도로접면": "세로한면(가)", "OSC공법": "소형", "approx": false}}, {"type": "Feature", "geometry": {"type": "Point", "coordinates": [126.84656, 37.54208]}, "properties": {"id": "1284", "gu": "강서구", "dong": "화곡동", "jibun": "866-16", "addr": "강서구 화곡동 866-16", "지형높이": "평지", "지형형상": "자루형", "도로접면": "소로한면", "OSC공법": "", "approx": false}}, {"type": "Feature", "geometry": {"type": "Point", "coordinates": [126.84656, 37.54208]}, "properties": {"id": "1285", "gu": "강서구", "dong": "화곡동", "jibun": "869-34", "addr": "강서구 화곡동 869-34", "지형높이": "완경사", "지형형상": "자루형", "도로접면": "세로한면(가)", "OSC공법": "소형", "approx": false}}, {"type": "Feature", "geometry": {"type": "Point", "coordinates": [126.84656, 37.54208]}, "properties": {"id": "1287", "gu": "강서구", "dong": "화곡동", "jibun": "895-5", "addr": "강서구 화곡동 895-5", "지형높이": "평지", "지형형상": "세로장방", "도로접면": "소로한면", "OSC공법": "중형", "approx": false}}, {"type": "Feature", "geometry": {"type": "Point", "coordinates": [126.84656, 37.54208]}, "properties": {"id": "1288", "gu": "강서구", "dong": "화곡동", "jibun": "900-36", "addr": "강서구 화곡동 900-36", "지형높이": "평지", "지형형상": "세로장방", "도로접면": "세로한면(가)", "OSC공법": "소형", "approx": false}}, {"type": "Feature", "geometry": {"type": "Point", "coordinates": [126.84656, 37.54208]}, "properties": {"id": "1289", "gu": "강서구", "dong": "화곡동", "jibun": "910-6", "addr": "강서구 화곡동 910-6", "지형높이": "평지", "지형형상": "세로장방", "도로접면": "세로한면(가)", "OSC공법": "소형", "approx": false}}, {"type": "Feature", "geometry": {"type": "Point", "coordinates": [126.84656, 37.54208]}, "properties": {"id": "1291", "gu": "강서구", "dong": "화곡동", "jibun": "911-4", "addr": "강서구 화곡동 911-4", "지형높이": "평지", "지형형상": "자루형", "도로접면": "세로한면(가)", "OSC공법": "소형", "approx": false}}, {"type": "Feature", "geometry": {"type": "Point", "coordinates": [126.84656, 37.54208]}, "properties": {"id": "1293", "gu": "강서구", "dong": "화곡동", "jibun": "924-12", "addr": "강서구 화곡동 924-12", "지형높이": "평지", "지형형상": "세로장방", "도로접면": "세로한면(가)", "OSC공법": "소형", "approx": false}}, {"type": "Feature", "geometry": {"type": "Point", "coordinates": [126.84656, 37.54208]}, "properties": {"id": "1294", "gu": "강서구", "dong": "화곡동", "jibun": "934-11", "addr": "강서구 화곡동 934-11", "지형높이": "평지", "지형형상": "가로장방", "도로접면": "세로한면(가)", "OSC공법": "소형", "approx": false}}, {"type": "Feature", "geometry": {"type": "Point", "coordinates": [126.84656, 37.54208]}, "properties": {"id": "1295", "gu": "강서구", "dong": "화곡동", "jibun": "934-29", "addr": "강서구 화곡동 934-29", "지형높이": "평지", "지형형상": "자루형", "도로접면": "중로한면", "OSC공법": "소형", "approx": false}}, {"type": "Feature", "geometry": {"type": "Point", "coordinates": [126.84656, 37.54208]}, "properties": {"id": "1296", "gu": "강서구", "dong": "화곡동", "jibun": "936-31", "addr": "강서구 화곡동 936-31", "지형높이": "평지", "지형형상": "정방형", "도로접면": "세로한면(가)", "OSC공법": "소형", "approx": false}}, {"type": "Feature", "geometry": {"type": "Point", "coordinates": [126.84656, 37.54208]}, "properties": {"id": "1297", "gu": "강서구", "dong": "화곡동", "jibun": "961-2", "addr": "강서구 화곡동 961-2", "지형높이": "완경사", "지형형상": "가로장방", "도로접면": "세로한면(가)", "OSC공법": "소형", "approx": false}}, {"type": "Feature", "geometry": {"type": "Point", "coordinates": [126.84656, 37.54208]}, "properties": {"id": "1298", "gu": "강서구", "dong": "화곡동", "jibun": "963-7", "addr": "강서구 화곡동 963-7", "지형높이": "평지", "지형형상": "정방형", "도로접면": "세로한면(가)", "OSC공법": "소형", "approx": false}}, {"type": "Feature", "geometry": {"type": "Point", "coordinates": [126.84656, 37.54208]}, "properties": {"id": "1299", "gu": "강서구", "dong": "화곡동", "jibun": "964-9", "addr": "강서구 화곡동 964-9", "지형높이": "평지", "지형형상": "정방형", "도로접면": "소로각지", "OSC공법": "중형", "approx": false}}, {"type": "Feature", "geometry": {"type": "Point", "coordinates": [126.84656, 37.54208]}, "properties": {"id": "1303", "gu": "강서구", "dong": "화곡동", "jibun": "975-15", "addr": "강서구 화곡동 975-15", "지형높이": "평지", "지형형상": "가로장방", "도로접면": "세로각지(가)", "OSC공법": "소형", "approx": false}}, {"type": "Feature", "geometry": {"type": "Point", "coordinates": [126.84656, 37.54208]}, "properties": {"id": "1304", "gu": "강서구", "dong": "화곡동", "jibun": "975-19", "addr": "강서구 화곡동 975-19", "지형높이": "평지", "지형형상": "정방형", "도로접면": "세로각지(가)", "OSC공법": "소형", "approx": false}}, {"type": "Feature", "geometry": {"type": "Point", "coordinates": [126.84656, 37.54208]}, "properties": {"id": "1306", "gu": "강서구", "dong": "화곡동", "jibun": "985-9", "addr": "강서구 화곡동 985-9", "지형높이": "완경사", "지형형상": "사다리형", "도로접면": "세로한면(가)", "OSC공법": "소형", "approx": false}}, {"type": "Feature", "geometry": {"type": "Point", "coordinates": [126.84656, 37.54208]}, "properties": {"id": "1307", "gu": "강서구", "dong": "화곡동", "jibun": "995-14", "addr": "강서구 화곡동 995-14", "지형높이": "평지", "지형형상": "세로장방", "도로접면": "세로한면(가)", "OSC공법": "소형", "approx": false}}, {"type": "Feature", "geometry": {"type": "Point", "coordinates": [126.84656, 37.54208]}, "properties": {"id": "1309", "gu": "강서구", "dong": "화곡동", "jibun": "1010-9", "addr": "강서구 화곡동 1010-9", "지형높이": "평지", "지형형상": "세로장방", "도로접면": "세로한면(가)", "OSC공법": "소형", "approx": false}}, {"type": "Feature", "geometry": {"type": "Point", "coordinates": [126.84656, 37.54208]}, "properties": {"id": "1310", "gu": "강서구", "dong": "화곡동", "jibun": "1015-29", "addr": "강서구 화곡동 1015-29", "지형높이": "평지", "지형형상": "사다리형", "도로접면": "세로각지(가)", "OSC공법": "소형", "approx": false}}, {"type": "Feature", "geometry": {"type": "Point", "coordinates": [126.84656, 37.54208]}, "properties": {"id": "1311", "gu": "강서구", "dong": "화곡동", "jibun": "1016-30", "addr": "강서구 화곡동 1016-30", "지형높이": "평지", "지형형상": "세로장방", "도로접면": "세로한면(가)", "OSC공법": "소형", "approx": false}}, {"type": "Feature", "geometry": {"type": "Point", "coordinates": [126.84656, 37.54208]}, "properties": {"id": "1312", "gu": "강서구", "dong": "화곡동", "jibun": "1017-10", "addr": "강서구 화곡동 1017-10", "지형높이": "평지", "지형형상": "사다리형", "도로접면": "세로한면(가)", "OSC공법": "소형", "approx": false}}, {"type": "Feature", "geometry": {"type": "Point", "coordinates": [126.84656, 37.54208]}, "properties": {"id": "1314", "gu": "강서구", "dong": "화곡동", "jibun": "1018-8", "addr": "강서구 화곡동 1018-8", "지형높이": "평지", "지형형상": "자루형", "도로접면": "세로한면(가)", "OSC공법": "소형", "approx": false}}, {"type": "Feature", "geometry": {"type": "Point", "coordinates": [126.84656, 37.54208]}, "properties": {"id": "1315", "gu": "강서구", "dong": "화곡동", "jibun": "1018-11", "addr": "강서구 화곡동 1018-11", "지형높이": "평지", "지형형상": "가로장방", "도로접면": "세로한면(가)", "OSC공법": "소형", "approx": false}}, {"type": "Feature", "geometry": {"type": "Point", "coordinates": [126.84656, 37.54208]}, "properties": {"id": "1316", "gu": "강서구", "dong": "화곡동", "jibun": "1018-20", "addr": "강서구 화곡동 1018-20", "지형높이": "평지", "지형형상": "사다리형", "도로접면": "세로한면(가)", "OSC공법": "소형", "approx": false}}, {"type": "Feature", "geometry": {"type": "Point", "coordinates": [126.84656, 37.54208]}, "properties": {"id": "1317", "gu": "강서구", "dong": "화곡동", "jibun": "1033-36", "addr": "강서구 화곡동 1033-36", "지형높이": "평지", "지형형상": "사다리형", "도로접면": "세로한면(가)", "OSC공법": "소형", "approx": false}}, {"type": "Feature", "geometry": {"type": "Point", "coordinates": [126.84656, 37.54208]}, "properties": {"id": "1318", "gu": "강서구", "dong": "화곡동", "jibun": "1033-40", "addr": "강서구 화곡동 1033-40", "지형높이": "평지", "지형형상": "세로장방", "도로접면": "세로한면(가)", "OSC공법": "소형", "approx": false}}, {"type": "Feature", "geometry": {"type": "Point", "coordinates": [126.84656, 37.54208]}, "properties": {"id": "1319", "gu": "강서구", "dong": "화곡동", "jibun": "1036-27", "addr": "강서구 화곡동 1036-27", "지형높이": "평지", "지형형상": "세로장방", "도로접면": "소로한면", "OSC공법": "중형", "approx": false}}, {"type": "Feature", "geometry": {"type": "Point", "coordinates": [126.84656, 37.54208]}, "properties": {"id": "1322", "gu": "강서구", "dong": "화곡동", "jibun": "1040-10", "addr": "강서구 화곡동 1040-10", "지형높이": "평지", "지형형상": "자루형", "도로접면": "세로한면(가)", "OSC공법": "소형", "approx": false}}, {"type": "Feature", "geometry": {"type": "Point", "coordinates": [126.84656, 37.54208]}, "properties": {"id": "1323", "gu": "강서구", "dong": "화곡동", "jibun": "1040-11", "addr": "강서구 화곡동 1040-11", "지형높이": "평지", "지형형상": "세로장방", "도로접면": "세로한면(가)", "OSC공법": "소형", "approx": false}}, {"type": "Feature", "geometry": {"type": "Point", "coordinates": [126.84656, 37.54208]}, "properties": {"id": "1324", "gu": "강서구", "dong": "화곡동", "jibun": "1041-26", "addr": "강서구 화곡동 1041-26", "지형높이": "평지", "지형형상": "자루형", "도로접면": "세로한면(가)", "OSC공법": "소형", "approx": false}}, {"type": "Feature", "geometry": {"type": "Point", "coordinates": [126.84656, 37.54208]}, "properties": {"id": "1325", "gu": "강서구", "dong": "화곡동", "jibun": "1043-4", "addr": "강서구 화곡동 1043-4", "지형높이": "평지", "지형형상": "세로장방", "도로접면": "세로한면(가)", "OSC공법": "소형", "approx": false}}, {"type": "Feature", "geometry": {"type": "Point", "coordinates": [126.84656, 37.54208]}, "properties": {"id": "1326", "gu": "강서구", "dong": "화곡동", "jibun": "1049-34", "addr": "강서구 화곡동 1049-34", "지형높이": "평지", "지형형상": "사다리형", "도로접면": "세로각지(가)", "OSC공법": "소형", "approx": false}}, {"type": "Feature", "geometry": {"type": "Point", "coordinates": [126.84656, 37.54208]}, "properties": {"id": "1328", "gu": "강서구", "dong": "화곡동", "jibun": "1060-10", "addr": "강서구 화곡동 1060-10", "지형높이": "평지", "지형형상": "가로장방", "도로접면": "세로한면(불)", "OSC공법": "소형", "approx": false}}, {"type": "Feature", "geometry": {"type": "Point", "coordinates": [126.84656, 37.54208]}, "properties": {"id": "1329", "gu": "강서구", "dong": "화곡동", "jibun": "1088-3", "addr": "강서구 화곡동 1088-3", "지형높이": "평지", "지형형상": "자루형", "도로접면": "세로한면(가)", "OSC공법": "소형", "approx": false}}, {"type": "Feature", "geometry": {"type": "Point", "coordinates": [126.84656, 37.54208]}, "properties": {"id": "1332", "gu": "강서구", "dong": "화곡동", "jibun": "1121-18", "addr": "강서구 화곡동 1121-18", "지형높이": "평지", "지형형상": "세로장방", "도로접면": "세로한면(가)", "OSC공법": "", "approx": false}}, {"type": "Feature", "geometry": {"type": "Point", "coordinates": [126.84656, 37.54208]}, "properties": {"id": "1333", "gu": "강서구", "dong": "화곡동", "jibun": "1133-1", "addr": "강서구 화곡동 1133-1", "지형높이": "완경사", "지형형상": "세로장방", "도로접면": "세로한면(가)", "OSC공법": "중형", "approx": false}}, {"type": "Feature", "geometry": {"type": "Point", "coordinates": [126.8377194, 37.5539189]}, "properties": {"id": "1334", "gu": "강서구", "dong": "내발산동", "jibun": "671-24", "addr": "강서구 내발산동 671-24", "지형높이": "평지", "지형형상": "세로장방", "도로접면": "세로한면(가)", "OSC공법": "소형", "approx": false}}, {"type": "Feature", "geometry": {"type": "Point", "coordinates": [126.8377194, 37.5539189]}, "properties": {"id": "1335", "gu": "강서구", "dong": "내발산동", "jibun": "671-25", "addr": "강서구 내발산동 671-25", "지형높이": "평지", "지형형상": "세로장방", "도로접면": "세로한면(가)", "OSC공법": "소형", "approx": false}}, {"type": "Feature", "geometry": {"type": "Point", "coordinates": [126.8377194, 37.5539189]}, "properties": {"id": "1336", "gu": "강서구", "dong": "내발산동", "jibun": "687-16", "addr": "강서구 내발산동 687-16", "지형높이": "평지", "지형형상": "세로장방", "도로접면": "세로각지(가)", "OSC공법": "소형", "approx": false}}, {"type": "Feature", "geometry": {"type": "Point", "coordinates": [126.8377194, 37.5539189]}, "properties": {"id": "1338", "gu": "강서구", "dong": "내발산동", "jibun": "695-2", "addr": "강서구 내발산동 695-2", "지형높이": "평지", "지형형상": "세로장방", "도로접면": "세로한면(가)", "OSC공법": "소형", "approx": false}}, {"type": "Feature", "geometry": {"type": "Point", "coordinates": [126.8377194, 37.5539189]}, "properties": {"id": "1339", "gu": "강서구", "dong": "내발산동", "jibun": "695-17", "addr": "강서구 내발산동 695-17", "지형높이": "평지", "지형형상": "정방형", "도로접면": "세로한면(불)", "OSC공법": "소형", "approx": false}}, {"type": "Feature", "geometry": {"type": "Point", "coordinates": [126.8377194, 37.5539189]}, "properties": {"id": "1340", "gu": "강서구", "dong": "내발산동", "jibun": "703-12", "addr": "강서구 내발산동 703-12", "지형높이": "평지", "지형형상": "정방형", "도로접면": "세로한면(가)", "OSC공법": "소형", "approx": false}}, {"type": "Feature", "geometry": {"type": "Point", "coordinates": [126.8377194, 37.5539189]}, "properties": {"id": "1341", "gu": "강서구", "dong": "내발산동", "jibun": "710-37", "addr": "강서구 내발산동 710-37", "지형높이": "평지", "지형형상": "사다리형", "도로접면": "세로한면(가)", "OSC공법": "소형", "approx": false}}, {"type": "Feature", "geometry": {"type": "Point", "coordinates": [126.8377194, 37.5539189]}, "properties": {"id": "1343", "gu": "강서구", "dong": "내발산동", "jibun": "721-2", "addr": "강서구 내발산동 721-2", "지형높이": "평지", "지형형상": "자루형", "도로접면": "세로한면(가)", "OSC공법": "소형", "approx": false}}, {"type": "Feature", "geometry": {"type": "Point", "coordinates": [126.94563, 37.56537]}, "properties": {"id": "922", "gu": "서대문구", "dong": "대신동", "jibun": "142-1", "addr": "서대문구 대신동 142-1", "지형높이": "완경사", "지형형상": "세로장방", "도로접면": "중로한면", "OSC공법": "중형", "approx": false}}, {"type": "Feature", "geometry": {"type": "Point", "coordinates": [126.93084, 37.57234]}, "properties": {"id": "926", "gu": "서대문구", "dong": "연희동", "jibun": "48-58", "addr": "서대문구 연희동 48-58", "지형높이": "완경사", "지형형상": "부정형", "도로접면": "세로한면(가)", "OSC공법": "소형", "approx": false}}, {"type": "Feature", "geometry": {"type": "Point", "coordinates": [126.93084, 37.57234]}, "properties": {"id": "927", "gu": "서대문구", "dong": "연희동", "jibun": "69-20", "addr": "서대문구 연희동 69-20", "지형높이": "평지", "지형형상": "사다리형", "도로접면": "세로한면(가)", "OSC공법": "소형", "approx": false}}, {"type": "Feature", "geometry": {"type": "Point", "coordinates": [126.93084, 37.57234]}, "properties": {"id": "928", "gu": "서대문구", "dong": "연희동", "jibun": "69-72", "addr": "서대문구 연희동 69-72", "지형높이": "평지", "지형형상": "사다리형", "도로접면": "세로한면(가)", "OSC공법": "소형", "approx": false}}, {"type": "Feature", "geometry": {"type": "Point", "coordinates": [126.93084, 37.57234]}, "properties": {"id": "931", "gu": "서대문구", "dong": "연희동", "jibun": "334-70", "addr": "서대문구 연희동 334-70", "지형높이": "평지", "지형형상": "사다리형", "도로접면": "세로한면(가)", "OSC공법": "소형", "approx": false}}, {"type": "Feature", "geometry": {"type": "Point", "coordinates": [126.93084, 37.57234]}, "properties": {"id": "932", "gu": "서대문구", "dong": "연희동", "jibun": "353-81", "addr": "서대문구 연희동 353-81", "지형높이": "평지", "지형형상": "가로장방", "도로접면": "세로한면(불)", "OSC공법": "소형", "approx": false}}, {"type": "Feature", "geometry": {"type": "Point", "coordinates": [126.9329405, 37.5724974]}, "properties": {"id": "933", "gu": "서대문구", "dong": "연희동", "jibun": "446-268", "addr": "서대문구 연희동 446-268", "지형높이": "완경사", "지형형상": "세로장방", "도로접면": "세로한면(가)", "OSC공법": "소형", "approx": true}}, {"type": "Feature", "geometry": {"type": "Point", "coordinates": [126.9238244, 37.5550711]}, "properties": {"id": "979", "gu": "마포구", "dong": "서교동", "jibun": "345-25", "addr": "마포구 서교동 345-25", "지형높이": "평지", "지형형상": "사다리형", "도로접면": "세로한면(불)", "OSC공법": "소형", "approx": false}}, {"type": "Feature", "geometry": {"type": "Point", "coordinates": [126.9238244, 37.5550711]}, "properties": {"id": "980", "gu": "마포구", "dong": "서교동", "jibun": "461-15", "addr": "마포구 서교동 461-15", "지형높이": "평지", "지형형상": "가로장방", "도로접면": "세로한면(가)", "OSC공법": "소형", "approx": false}}, {"type": "Feature", "geometry": {"type": "Point", "coordinates": [126.9238244, 37.5550711]}, "properties": {"id": "981", "gu": "마포구", "dong": "서교동", "jibun": "469-26", "addr": "마포구 서교동 469-26", "지형높이": "평지", "지형형상": "정방형", "도로접면": "중로각지", "OSC공법": "대형", "approx": false}}, {"type": "Feature", "geometry": {"type": "Point", "coordinates": [126.9238244, 37.5550711]}, "properties": {"id": "982", "gu": "마포구", "dong": "서교동", "jibun": "469-58", "addr": "마포구 서교동 469-58", "지형높이": "평지", "지형형상": "사다리형", "도로접면": "세로한면(가)", "OSC공법": "소형", "approx": false}}, {"type": "Feature", "geometry": {"type": "Point", "coordinates": [126.9238244, 37.5550711]}, "properties": {"id": "983", "gu": "마포구", "dong": "서교동", "jibun": "473-45", "addr": "마포구 서교동 473-45", "지형높이": "평지", "지형형상": "정방형", "도로접면": "세로한면(가)", "OSC공법": "", "approx": false}}, {"type": "Feature", "geometry": {"type": "Point", "coordinates": [126.9084, 37.54678]}, "properties": {"id": "987", "gu": "마포구", "dong": "합정동", "jibun": "448-5", "addr": "마포구 합정동 448-5", "지형높이": "평지", "지형형상": "정방형", "도로접면": "소로한면", "OSC공법": "중형", "approx": false}}, {"type": "Feature", "geometry": {"type": "Point", "coordinates": [126.90087, 37.55586]}, "properties": {"id": "988", "gu": "마포구", "dong": "망원동", "jibun": "338-23", "addr": "마포구 망원동 338-23", "지형높이": "평지", "지형형상": "정방형", "도로접면": "세로한면(불)", "OSC공법": "소형", "approx": false}}, {"type": "Feature", "geometry": {"type": "Point", "coordinates": [126.90087, 37.55586]}, "properties": {"id": "990", "gu": "마포구", "dong": "망원동", "jibun": "338-63", "addr": "마포구 망원동 338-63", "지형높이": "평지", "지형형상": "정방형", "도로접면": "세로한면(가)", "OSC공법": "소형", "approx": false}}, {"type": "Feature", "geometry": {"type": "Point", "coordinates": [126.90087, 37.55586]}, "properties": {"id": "991", "gu": "마포구", "dong": "망원동", "jibun": "380-16", "addr": "마포구 망원동 380-16", "지형높이": "평지", "지형형상": "사다리형", "도로접면": "세로한면(불)", "OSC공법": "소형", "approx": false}}, {"type": "Feature", "geometry": {"type": "Point", "coordinates": [126.90087, 37.55586]}, "properties": {"id": "992", "gu": "마포구", "dong": "망원동", "jibun": "384-18", "addr": "마포구 망원동 384-18", "지형높이": "평지", "지형형상": "가로장방", "도로접면": "세로한면(가)", "OSC공법": "소형", "approx": false}}, {"type": "Feature", "geometry": {"type": "Point", "coordinates": [126.90087, 37.55586]}, "properties": {"id": "993", "gu": "마포구", "dong": "망원동", "jibun": "405-42", "addr": "마포구 망원동 405-42", "지형높이": "평지", "지형형상": "정방형", "도로접면": "세로한면(불)", "OSC공법": "소형", "approx": false}}, {"type": "Feature", "geometry": {"type": "Point", "coordinates": [126.90087, 37.55586]}, "properties": {"id": "995", "gu": "마포구", "dong": "망원동", "jibun": "409-47", "addr": "마포구 망원동 409-47", "지형높이": "평지", "지형형상": "가로장방", "도로접면": "소로각지", "OSC공법": "중형", "approx": false}}, {"type": "Feature", "geometry": {"type": "Point", "coordinates": [126.90263, 37.56775]}, "properties": {"id": "999", "gu": "마포구", "dong": "성산동", "jibun": "32-12", "addr": "마포구 성산동 32-12", "지형높이": "완경사", "지형형상": "자루형", "도로접면": "세로한면(가)", "OSC공법": "소형", "approx": false}}, {"type": "Feature", "geometry": {"type": "Point", "coordinates": [126.90263, 37.56775]}, "properties": {"id": "1002", "gu": "마포구", "dong": "성산동", "jibun": "81-12", "addr": "마포구 성산동 81-12", "지형높이": "완경사", "지형형상": "사다리형", "도로접면": "세로한면(가)", "OSC공법": "소형", "approx": false}}, {"type": "Feature", "geometry": {"type": "Point", "coordinates": [126.90263, 37.56775]}, "properties": {"id": "1004", "gu": "마포구", "dong": "성산동", "jibun": "81-123", "addr": "마포구 성산동 81-123", "지형높이": "완경사", "지형형상": "사다리형", "도로접면": "세로한면(가)", "OSC공법": "소형", "approx": false}}, {"type": "Feature", "geometry": {"type": "Point", "coordinates": [126.90263, 37.56775]}, "properties": {"id": "1005", "gu": "마포구", "dong": "성산동", "jibun": "111-2", "addr": "마포구 성산동 111-2", "지형높이": "평지", "지형형상": "세로장방", "도로접면": "세로한면(가)", "OSC공법": "소형", "approx": false}}, {"type": "Feature", "geometry": {"type": "Point", "coordinates": [126.90263, 37.56775]}, "properties": {"id": "1009", "gu": "마포구", "dong": "성산동", "jibun": "258-31", "addr": "마포구 성산동 258-31", "지형높이": "평지", "지형형상": "자루형", "도로접면": "세로한면(가)", "OSC공법": "소형", "approx": false}}, {"type": "Feature", "geometry": {"type": "Point", "coordinates": [126.90263, 37.56775]}, "properties": {"id": "1010", "gu": "마포구", "dong": "성산동", "jibun": "586-6", "addr": "마포구 성산동 586-6", "지형높이": "완경사", "지형형상": "사다리형", "도로접면": "세로한면(가)", "OSC공법": "소형", "approx": false}}, {"type": "Feature", "geometry": {"type": "Point", "coordinates": [126.90263, 37.56775]}, "properties": {"id": "1011", "gu": "마포구", "dong": "성산동", "jibun": "606-9", "addr": "마포구 성산동 606-9", "지형높이": "평지", "지형형상": "사다리형", "도로접면": "세로한면(가)", "OSC공법": "소형", "approx": false}}, {"type": "Feature", "geometry": {"type": "Point", "coordinates": [126.9317233, 37.6040879]}, "properties": {"id": "778", "gu": "은평구", "dong": "녹번동", "jibun": "29-86", "addr": "은평구 녹번동 29-86", "지형높이": "완경사", "지형형상": "세로장방", "도로접면": "세로한면(불)", "OSC공법": "소형", "approx": false}}, {"type": "Feature", "geometry": {"type": "Point", "coordinates": [126.9317233, 37.6040879]}, "properties": {"id": "779", "gu": "은평구", "dong": "녹번동", "jibun": "29-101", "addr": "은평구 녹번동 29-101", "지형높이": "완경사", "지형형상": "사다리형", "도로접면": "세로한면(가)", "OSC공법": "소형", "approx": false}}, {"type": "Feature", "geometry": {"type": "Point", "coordinates": [126.93437, 37.60395]}, "properties": {"id": "781", "gu": "은평구", "dong": "녹번동", "jibun": "82-17", "addr": "은평구 녹번동 82-17", "지형높이": "평지", "지형형상": "정방형", "도로접면": "세로한면(가)", "OSC공법": "소형", "approx": false}}, {"type": "Feature", "geometry": {"type": "Point", "coordinates": [126.93437, 37.60395]}, "properties": {"id": "782", "gu": "은평구", "dong": "녹번동", "jibun": "105-23", "addr": "은평구 녹번동 105-23", "지형높이": "평지", "지형형상": "사다리형", "도로접면": "세로각지(가)", "OSC공법": "소형", "approx": false}}, {"type": "Feature", "geometry": {"type": "Point", "coordinates": [126.9339579, 37.6160647]}, "properties": {"id": "787", "gu": "은평구", "dong": "불광동", "jibun": "28-3", "addr": "은평구 불광동 28-3", "지형높이": "평지", "지형형상": "사다리형", "도로접면": "세로한면(불)", "OSC공법": "소형", "approx": false}}, {"type": "Feature", "geometry": {"type": "Point", "coordinates": [126.9339579, 37.6160647]}, "properties": {"id": "788", "gu": "은평구", "dong": "불광동", "jibun": "105-48", "addr": "은평구 불광동 105-48", "지형높이": "완경사", "지형형상": "정방형", "도로접면": "세로각지(가)", "OSC공법": "", "approx": false}}, {"type": "Feature", "geometry": {"type": "Point", "coordinates": [126.9339579, 37.6160647]}, "properties": {"id": "789", "gu": "은평구", "dong": "불광동", "jibun": "181-1", "addr": "은평구 불광동 181-1", "지형높이": "평지", "지형형상": "부정형", "도로접면": "세로한면(가)", "OSC공법": "소형", "approx": false}}, {"type": "Feature", "geometry": {"type": "Point", "coordinates": [126.9339579, 37.6160647]}, "properties": {"id": "790", "gu": "은평구", "dong": "불광동", "jibun": "228-15", "addr": "은평구 불광동 228-15", "지형높이": "급경사", "지형형상": "세로장방", "도로접면": "세로한면(불)", "OSC공법": "소형", "approx": false}}, {"type": "Feature", "geometry": {"type": "Point", "coordinates": [126.9339579, 37.6160647]}, "properties": {"id": "796", "gu": "은평구", "dong": "불광동", "jibun": "443-66", "addr": "은평구 불광동 443-66", "지형높이": "완경사", "지형형상": "가로장방", "도로접면": "세로각지(가)", "OSC공법": "소형", "approx": false}}, {"type": "Feature", "geometry": {"type": "Point", "coordinates": [126.9354046, 37.6194236]}, "properties": {"id": "800", "gu": "은평구", "dong": "불광동", "jibun": "445-402", "addr": "은평구 불광동 445-402", "지형높이": "급경사", "지형형상": "세로장방", "도로접면": "세로각지(가)", "OSC공법": "소형", "approx": true}}, {"type": "Feature", "geometry": {"type": "Point", "coordinates": [126.9339579, 37.6160647]}, "properties": {"id": "801", "gu": "은평구", "dong": "불광동", "jibun": "446-16", "addr": "은평구 불광동 446-16", "지형높이": "급경사", "지형형상": "사다리형", "도로접면": "세로한면(가)", "OSC공법": "소형", "approx": false}}, {"type": "Feature", "geometry": {"type": "Point", "coordinates": [126.91102, 37.62058]}, "properties": {"id": "805", "gu": "은평구", "dong": "갈현동", "jibun": "227-29", "addr": "은평구 갈현동 227-29", "지형높이": "완경사", "지형형상": "사다리형", "도로접면": "세로한면(가)", "OSC공법": "중형", "approx": false}}, {"type": "Feature", "geometry": {"type": "Point", "coordinates": [126.91102, 37.62058]}, "properties": {"id": "807", "gu": "은평구", "dong": "갈현동", "jibun": "266-3", "addr": "은평구 갈현동 266-3", "지형높이": "완경사", "지형형상": "세로장방", "도로접면": "세로한면(가)", "OSC공법": "소형", "approx": false}}, {"type": "Feature", "geometry": {"type": "Point", "coordinates": [126.91102, 37.62058]}, "properties": {"id": "810", "gu": "은평구", "dong": "갈현동", "jibun": "269-5", "addr": "은평구 갈현동 269-5", "지형높이": "평지", "지형형상": "부정형", "도로접면": "소로한면", "OSC공법": "소형", "approx": false}}, {"type": "Feature", "geometry": {"type": "Point", "coordinates": [126.91102, 37.62058]}, "properties": {"id": "813", "gu": "은평구", "dong": "갈현동", "jibun": "392-27", "addr": "은평구 갈현동 392-27", "지형높이": "평지", "지형형상": "세로장방", "도로접면": "소로한면", "OSC공법": "중형", "approx": false}}, {"type": "Feature", "geometry": {"type": "Point", "coordinates": [126.91102, 37.62058]}, "properties": {"id": "817", "gu": "은평구", "dong": "갈현동", "jibun": "491-19", "addr": "은평구 갈현동 491-19", "지형높이": "평지", "지형형상": "가로장방", "도로접면": "세로한면(가)", "OSC공법": "소형", "approx": false}}, {"type": "Feature", "geometry": {"type": "Point", "coordinates": [126.91102, 37.62058]}, "properties": {"id": "818", "gu": "은평구", "dong": "갈현동", "jibun": "491-24", "addr": "은평구 갈현동 491-24", "지형높이": "평지", "지형형상": "가로장방", "도로접면": "소로각지", "OSC공법": "중형", "approx": false}}, {"type": "Feature", "geometry": {"type": "Point", "coordinates": [126.91102, 37.62058]}, "properties": {"id": "820", "gu": "은평구", "dong": "갈현동", "jibun": "504-33", "addr": "은평구 갈현동 504-33", "지형높이": "평지", "지형형상": "사다리형", "도로접면": "세로한면(불)", "OSC공법": "소형", "approx": false}}, {"type": "Feature", "geometry": {"type": "Point", "coordinates": [126.91102, 37.62058]}, "properties": {"id": "822", "gu": "은평구", "dong": "갈현동", "jibun": "522-6", "addr": "은평구 갈현동 522-6", "지형높이": "완경사", "지형형상": "세로장방", "도로접면": "소로각지", "OSC공법": "중형", "approx": false}}, {"type": "Feature", "geometry": {"type": "Point", "coordinates": [126.91102, 37.62058]}, "properties": {"id": "827", "gu": "은평구", "dong": "갈현동", "jibun": "523-48", "addr": "은평구 갈현동 523-48", "지형높이": "완경사", "지형형상": "사다리형", "도로접면": "세로한면(가)", "OSC공법": "소형", "approx": false}}, {"type": "Feature", "geometry": {"type": "Point", "coordinates": [126.9082658, 37.6122812]}, "properties": {"id": "829", "gu": "은평구", "dong": "구산동", "jibun": "147-25", "addr": "은평구 구산동 147-25", "지형높이": "완경사", "지형형상": "정방형", "도로접면": "세로한면(가)", "OSC공법": "소형", "approx": false}}, {"type": "Feature", "geometry": {"type": "Point", "coordinates": [126.9082658, 37.6122812]}, "properties": {"id": "831", "gu": "은평구", "dong": "구산동", "jibun": "178-20", "addr": "은평구 구산동 178-20", "지형높이": "평지", "지형형상": "정방형", "도로접면": "세로한면(불)", "OSC공법": "소형", "approx": false}}, {"type": "Feature", "geometry": {"type": "Point", "coordinates": [126.9082658, 37.6122812]}, "properties": {"id": "834", "gu": "은평구", "dong": "구산동", "jibun": "308-83", "addr": "은평구 구산동 308-83", "지형높이": "급경사", "지형형상": "가로장방", "도로접면": "세로한면(가)", "OSC공법": "", "approx": true}}, {"type": "Feature", "geometry": {"type": "Point", "coordinates": [126.9227835, 37.61261]}, "properties": {"id": "841", "gu": "은평구", "dong": "대조동", "jibun": "197-11", "addr": "은평구 대조동 197-11", "지형높이": "평지", "지형형상": "정방형", "도로접면": "세로한면(가)", "OSC공법": "소형", "approx": false}}, {"type": "Feature", "geometry": {"type": "Point", "coordinates": [126.9227835, 37.61261]}, "properties": {"id": "843", "gu": "은평구", "dong": "대조동", "jibun": "216-7", "addr": "은평구 대조동 216-7", "지형높이": "평지", "지형형상": "사다리형", "도로접면": "세로한면(가)", "OSC공법": "소형", "approx": false}}, {"type": "Feature", "geometry": {"type": "Point", "coordinates": [126.9148856, 37.6049941]}, "properties": {"id": "864", "gu": "은평구", "dong": "역촌동", "jibun": "6-8", "addr": "은평구 역촌동 6-8", "지형높이": "평지", "지형형상": "세로장방", "도로접면": "세로한면(가)", "OSC공법": "소형", "approx": false}}, {"type": "Feature", "geometry": {"type": "Point", "coordinates": [126.91198, 37.605]}, "properties": {"id": "866", "gu": "은평구", "dong": "역촌동", "jibun": "10-8", "addr": "은평구 역촌동 10-8", "지형높이": "평지", "지형형상": "세로장방", "도로접면": "세로각지(가)", "OSC공법": "소형", "approx": false}}, {"type": "Feature", "geometry": {"type": "Point", "coordinates": [126.9148856, 37.6049941]}, "properties": {"id": "873", "gu": "은평구", "dong": "역촌동", "jibun": "25-71", "addr": "은평구 역촌동 25-71", "지형높이": "평지", "지형형상": "부정형", "도로접면": "세로각지(가)", "OSC공법": "소형", "approx": false}}, {"type": "Feature", "geometry": {"type": "Point", "coordinates": [126.91198, 37.605]}, "properties": {"id": "875", "gu": "은평구", "dong": "역촌동", "jibun": "41-56", "addr": "은평구 역촌동 41-56", "지형높이": "평지", "지형형상": "정방형", "도로접면": "세로한면(가)", "OSC공법": "소형", "approx": false}}, {"type": "Feature", "geometry": {"type": "Point", "coordinates": [126.9148856, 37.6049941]}, "properties": {"id": "880", "gu": "은평구", "dong": "역촌동", "jibun": "56-32", "addr": "은평구 역촌동 56-32", "지형높이": "평지", "지형형상": "사다리형", "도로접면": "중로각지", "OSC공법": "", "approx": false}}, {"type": "Feature", "geometry": {"type": "Point", "coordinates": [126.9148856, 37.6049941]}, "properties": {"id": "881", "gu": "은평구", "dong": "역촌동", "jibun": "56-36", "addr": "은평구 역촌동 56-36", "지형높이": "평지", "지형형상": "정방형", "도로접면": "세로한면(불)", "OSC공법": "소형", "approx": false}}, {"type": "Feature", "geometry": {"type": "Point", "coordinates": [126.9148856, 37.6049941]}, "properties": {"id": "882", "gu": "은평구", "dong": "역촌동", "jibun": "56-37", "addr": "은평구 역촌동 56-37", "지형높이": "평지", "지형형상": "정방형", "도로접면": "세로한면(불)", "OSC공법": "소형", "approx": false}}, {"type": "Feature", "geometry": {"type": "Point", "coordinates": [126.91198, 37.605]}, "properties": {"id": "884", "gu": "은평구", "dong": "역촌동", "jibun": "65-19", "addr": "은평구 역촌동 65-19", "지형높이": "평지", "지형형상": "세로장방", "도로접면": "세로한면(가)", "OSC공법": "", "approx": false}}, {"type": "Feature", "geometry": {"type": "Point", "coordinates": [126.91198, 37.605]}, "properties": {"id": "887", "gu": "은평구", "dong": "역촌동", "jibun": "77-43", "addr": "은평구 역촌동 77-43", "지형높이": "완경사", "지형형상": "사다리형", "도로접면": "세로한면(가)", "OSC공법": "소형", "approx": false}}, {"type": "Feature", "geometry": {"type": "Point", "coordinates": [126.9148856, 37.6049941]}, "properties": {"id": "888", "gu": "은평구", "dong": "역촌동", "jibun": "80-33", "addr": "은평구 역촌동 80-33", "지형높이": "평지", "지형형상": "자루형", "도로접면": "세로한면(가)", "OSC공법": "소형", "approx": false}}, {"type": "Feature", "geometry": {"type": "Point", "coordinates": [126.9148856, 37.6049941]}, "properties": {"id": "890", "gu": "은평구", "dong": "역촌동", "jibun": "81-59", "addr": "은평구 역촌동 81-59", "지형높이": "평지", "지형형상": "사다리형", "도로접면": "세로한면(가)", "OSC공법": "소형", "approx": false}}, {"type": "Feature", "geometry": {"type": "Point", "coordinates": [126.91198, 37.605]}, "properties": {"id": "891", "gu": "은평구", "dong": "역촌동", "jibun": "84-10", "addr": "은평구 역촌동 84-10", "지형높이": "평지", "지형형상": "가로장방", "도로접면": "세로한면(불)", "OSC공법": "소형", "approx": false}}, {"type": "Feature", "geometry": {"type": "Point", "coordinates": [126.9128404, 37.5944159]}, "properties": {"id": "893", "gu": "은평구", "dong": "신사동", "jibun": "13-9", "addr": "은평구 신사동 13-9", "지형높이": "평지", "지형형상": "세로장방", "도로접면": "세로한면(가)", "OSC공법": "중형", "approx": false}}, {"type": "Feature", "geometry": {"type": "Point", "coordinates": [126.90718, 37.59547]}, "properties": {"id": "896", "gu": "은평구", "dong": "신사동", "jibun": "28-21", "addr": "은평구 신사동 28-21", "지형높이": "평지", "지형형상": "세로장방", "도로접면": "세로한면(가)", "OSC공법": "소형", "approx": false}}, {"type": "Feature", "geometry": {"type": "Point", "coordinates": [126.90718, 37.59547]}, "properties": {"id": "898", "gu": "은평구", "dong": "신사동", "jibun": "30-27", "addr": "은평구 신사동 30-27", "지형높이": "평지", "지형형상": "세로장방", "도로접면": "세로한면(가)", "OSC공법": "소형", "approx": false}}, {"type": "Feature", "geometry": {"type": "Point", "coordinates": [126.90718, 37.59547]}, "properties": {"id": "899", "gu": "은평구", "dong": "신사동", "jibun": "31-4", "addr": "은평구 신사동 31-4", "지형높이": "평지", "지형형상": "정방형", "도로접면": "세로한면(가)", "OSC공법": "소형", "approx": false}}, {"type": "Feature", "geometry": {"type": "Point", "coordinates": [126.90718, 37.59547]}, "properties": {"id": "900", "gu": "은평구", "dong": "신사동", "jibun": "31-25", "addr": "은평구 신사동 31-25", "지형높이": "평지", "지형형상": "정방형", "도로접면": "세로한면(가)", "OSC공법": "소형", "approx": false}}, {"type": "Feature", "geometry": {"type": "Point", "coordinates": [126.90718, 37.59547]}, "properties": {"id": "901", "gu": "은평구", "dong": "신사동", "jibun": "32-26", "addr": "은평구 신사동 32-26", "지형높이": "평지", "지형형상": "가로장방", "도로접면": "세로한면(불)", "OSC공법": "소형", "approx": false}}, {"type": "Feature", "geometry": {"type": "Point", "coordinates": [126.90718, 37.59547]}, "properties": {"id": "904", "gu": "은평구", "dong": "신사동", "jibun": "201-9", "addr": "은평구 신사동 201-9", "지형높이": "급경사", "지형형상": "사다리형", "도로접면": "세로한면(가)", "OSC공법": "소형", "approx": false}}, {"type": "Feature", "geometry": {"type": "Point", "coordinates": [126.90718, 37.59547]}, "properties": {"id": "908", "gu": "은평구", "dong": "신사동", "jibun": "337-31", "addr": "은평구 신사동 337-31", "지형높이": "평지", "지형형상": "가로장방", "도로접면": "세로각지(가)", "OSC공법": "소형", "approx": false}}, {"type": "Feature", "geometry": {"type": "Point", "coordinates": [126.9055622, 37.5831882]}, "properties": {"id": "911", "gu": "은평구", "dong": "증산동", "jibun": "192-42", "addr": "은평구 증산동 192-42", "지형높이": "완경사", "지형형상": "세로장방", "도로접면": "세로각지(가)", "OSC공법": "소형", "approx": false}}, {"type": "Feature", "geometry": {"type": "Point", "coordinates": [126.94676, 37.5871]}, "properties": {"id": "918", "gu": "서대문구", "dong": "홍제동", "jibun": "334-40", "addr": "서대문구 홍제동 334-40", "지형높이": "완경사", "지형형상": "정방형", "도로접면": "세로한면(가)", "OSC공법": "소형", "approx": false}}, {"type": "Feature", "geometry": {"type": "Point", "coordinates": [126.93084, 37.57234]}, "properties": {"id": "925", "gu": "서대문구", "dong": "연희동", "jibun": "1-5", "addr": "서대문구 연희동 1-5", "지형높이": "평지", "지형형상": "사다리형", "도로접면": "중로한면", "OSC공법": "대형", "approx": false}}, {"type": "Feature", "geometry": {"type": "Point", "coordinates": [126.93084, 37.57234]}, "properties": {"id": "930", "gu": "서대문구", "dong": "연희동", "jibun": "170-130", "addr": "서대문구 연희동 170-130", "지형높이": "평지", "지형형상": "세로장방", "도로접면": "세로한면(가)", "OSC공법": "소형", "approx": false}}, {"type": "Feature", "geometry": {"type": "Point", "coordinates": [126.93733, 37.59296]}, "properties": {"id": "936", "gu": "서대문구", "dong": "홍은동", "jibun": "191-87", "addr": "서대문구 홍은동 191-87", "지형높이": "완경사", "지형형상": "정방형", "도로접면": "세로한면(불)", "OSC공법": "소형", "approx": false}}, {"type": "Feature", "geometry": {"type": "Point", "coordinates": [126.93733, 37.59296]}, "properties": {"id": "942", "gu": "서대문구", "dong": "홍은동", "jibun": "366-11", "addr": "서대문구 홍은동 366-11", "지형높이": "평지", "지형형상": "사다리형", "도로접면": "세로한면(불)", "OSC공법": "소형", "approx": false}}, {"type": "Feature", "geometry": {"type": "Point", "coordinates": [126.9179, 37.57744]}, "properties": {"id": "964", "gu": "서대문구", "dong": "남가좌동", "jibun": "331-1", "addr": "서대문구 남가좌동 331-1", "지형높이": "평지", "지형형상": "세로장방", "도로접면": "세로한면(가)", "OSC공법": "소형", "approx": false}}, {"type": "Feature", "geometry": {"type": "Point", "coordinates": [126.9179, 37.57744]}, "properties": {"id": "967", "gu": "서대문구", "dong": "남가좌동", "jibun": "342-24", "addr": "서대문구 남가좌동 342-24", "지형높이": "평지", "지형형상": "가로장방", "도로접면": "세로한면(가)", "OSC공법": "소형", "approx": false}}, {"type": "Feature", "geometry": {"type": "Point", "coordinates": [127.07242, 37.66727]}, "properties": {"id": "710", "gu": "노원구", "dong": "상계동", "jibun": "1376-20", "addr": "노원구 상계동 1376-20", "지형높이": "급경사", "지형형상": "사다리형", "도로접면": "세로한면(불)", "OSC공법": "소형", "approx": false}}, {"type": "Feature", "geometry": {"type": "Point", "coordinates": [127.07242, 37.66727]}, "properties": {"id": "712", "gu": "노원구", "dong": "상계동", "jibun": "134-34", "addr": "노원구 상계동 134-34", "지형높이": "완경사", "지형형상": "정방형", "도로접면": "세로한면(가)", "OSC공법": "소형", "approx": false}}, {"type": "Feature", "geometry": {"type": "Point", "coordinates": [127.07242, 37.66727]}, "properties": {"id": "713", "gu": "노원구", "dong": "상계동", "jibun": "135-9", "addr": "노원구 상계동 135-9", "지형높이": "평지", "지형형상": "사다리형", "도로접면": "소로한면", "OSC공법": "중형", "approx": false}}, {"type": "Feature", "geometry": {"type": "Point", "coordinates": [127.07242, 37.66727]}, "properties": {"id": "716", "gu": "노원구", "dong": "상계동", "jibun": "138-164", "addr": "노원구 상계동 138-164", "지형높이": "평지", "지형형상": "가로장방", "도로접면": "중로한면", "OSC공법": "중형", "approx": false}}, {"type": "Feature", "geometry": {"type": "Point", "coordinates": [127.07242, 37.66727]}, "properties": {"id": "722", "gu": "노원구", "dong": "상계동", "jibun": "156-14", "addr": "노원구 상계동 156-14", "지형높이": "평지", "지형형상": "정방형", "도로접면": "세로한면(불)", "OSC공법": "소형", "approx": false}}, {"type": "Feature", "geometry": {"type": "Point", "coordinates": [127.07242, 37.66727]}, "properties": {"id": "725", "gu": "노원구", "dong": "상계동", "jibun": "165-2", "addr": "노원구 상계동 165-2", "지형높이": "평지", "지형형상": "사다리형", "도로접면": "세로한면(가)", "OSC공법": "소형", "approx": false}}, {"type": "Feature", "geometry": {"type": "Point", "coordinates": [127.07242, 37.66727]}, "properties": {"id": "726", "gu": "노원구", "dong": "상계동", "jibun": "169-353", "addr": "노원구 상계동 169-353", "지형높이": "평지", "지형형상": "세로장방", "도로접면": "세로한면(가)", "OSC공법": "소형", "approx": true}}, {"type": "Feature", "geometry": {"type": "Point", "coordinates": [127.07242, 37.66727]}, "properties": {"id": "728", "gu": "노원구", "dong": "상계동", "jibun": "357-10", "addr": "노원구 상계동 357-10", "지형높이": "평지", "지형형상": "사다리형", "도로접면": "세로한면(가)", "OSC공법": "중형", "approx": false}}, {"type": "Feature", "geometry": {"type": "Point", "coordinates": [127.07242, 37.66727]}, "properties": {"id": "729", "gu": "노원구", "dong": "상계동", "jibun": "387-24", "addr": "노원구 상계동 387-24", "지형높이": "평지", "지형형상": "정방형", "도로접면": "세로한면(불)", "OSC공법": "소형", "approx": false}}, {"type": "Feature", "geometry": {"type": "Point", "coordinates": [127.07242, 37.66727]}, "properties": {"id": "730", "gu": "노원구", "dong": "상계동", "jibun": "387-32", "addr": "노원구 상계동 387-32", "지형높이": "평지", "지형형상": "정방형", "도로접면": "세로한면(불)", "OSC공법": "소형", "approx": false}}, {"type": "Feature", "geometry": {"type": "Point", "coordinates": [127.07242, 37.66727]}, "properties": {"id": "737", "gu": "노원구", "dong": "상계동", "jibun": "456-64", "addr": "노원구 상계동 456-64", "지형높이": "평지", "지형형상": "세로장방", "도로접면": "세로한면(가)", "OSC공법": "소형", "approx": false}}, {"type": "Feature", "geometry": {"type": "Point", "coordinates": [127.07242, 37.66727]}, "properties": {"id": "738", "gu": "노원구", "dong": "상계동", "jibun": "456-83", "addr": "노원구 상계동 456-83", "지형높이": "평지", "지형형상": "세로장방", "도로접면": "세로각지(가)", "OSC공법": "소형", "approx": false}}, {"type": "Feature", "geometry": {"type": "Point", "coordinates": [127.07242, 37.66727]}, "properties": {"id": "739", "gu": "노원구", "dong": "상계동", "jibun": "456-87", "addr": "노원구 상계동 456-87", "지형높이": "평지", "지형형상": "세로장방", "도로접면": "소로한면", "OSC공법": "중형", "approx": false}}, {"type": "Feature", "geometry": {"type": "Point", "coordinates": [127.07242, 37.66727]}, "properties": {"id": "740", "gu": "노원구", "dong": "상계동", "jibun": "456-103", "addr": "노원구 상계동 456-103", "지형높이": "평지", "지형형상": "세로장방", "도로접면": "세로한면(가)", "OSC공법": "소형", "approx": false}}, {"type": "Feature", "geometry": {"type": "Point", "coordinates": [127.07242, 37.66727]}, "properties": {"id": "741", "gu": "노원구", "dong": "상계동", "jibun": "456-150", "addr": "노원구 상계동 456-150", "지형높이": "평지", "지형형상": "세로장방", "도로접면": "세로한면(가)", "OSC공법": "소형", "approx": false}}, {"type": "Feature", "geometry": {"type": "Point", "coordinates": [127.07242, 37.66727]}, "properties": {"id": "742", "gu": "노원구", "dong": "상계동", "jibun": "456-151", "addr": "노원구 상계동 456-151", "지형높이": "평지", "지형형상": "세로장방", "도로접면": "세로한면(가)", "OSC공법": "소형", "approx": false}}, {"type": "Feature", "geometry": {"type": "Point", "coordinates": [127.07678, 37.64802]}, "properties": {"id": "775", "gu": "노원구", "dong": "중계동", "jibun": "75-14", "addr": "노원구 중계동 75-14", "지형높이": "평지", "지형형상": "사다리형", "도로접면": "세로각지(가)", "OSC공법": "소형", "approx": false}}, {"type": "Feature", "geometry": {"type": "Point", "coordinates": [127.07678, 37.64802]}, "properties": {"id": "776", "gu": "노원구", "dong": "중계동", "jibun": "90-65", "addr": "노원구 중계동 90-65", "지형높이": "평지", "지형형상": "사다리형", "도로접면": "세로한면(가)", "OSC공법": "소형", "approx": false}}, {"type": "Feature", "geometry": {"type": "Point", "coordinates": [127.02715, 37.65347]}, "properties": {"id": "587", "gu": "도봉구", "dong": "쌍문동", "jibun": "708-29", "addr": "도봉구 쌍문동 708-29", "지형높이": "평지", "지형형상": "세로장방", "도로접면": "소로한면", "OSC공법": "중형", "approx": false}}, {"type": "Feature", "geometry": {"type": "Point", "coordinates": [127.02715, 37.65347]}, "properties": {"id": "589", "gu": "도봉구", "dong": "쌍문동", "jibun": "712-22", "addr": "도봉구 쌍문동 712-22", "지형높이": "평지", "지형형상": "세로장방", "도로접면": "세로한면(가)", "OSC공법": "소형", "approx": false}}, {"type": "Feature", "geometry": {"type": "Point", "coordinates": [127.03333, 37.66442]}, "properties": {"id": "594", "gu": "도봉구", "dong": "방학동", "jibun": "601-9", "addr": "도봉구 방학동 601-9", "지형높이": "평지", "지형형상": "세로장방", "도로접면": "세로한면(불)", "OSC공법": "소형", "approx": false}}, {"type": "Feature", "geometry": {"type": "Point", "coordinates": [127.03333, 37.66442]}, "properties": {"id": "598", "gu": "도봉구", "dong": "방학동", "jibun": "605-18", "addr": "도봉구 방학동 605-18", "지형높이": "평지", "지형형상": "부정형", "도로접면": "세로각지(가)", "OSC공법": "소형", "approx": false}}, {"type": "Feature", "geometry": {"type": "Point", "coordinates": [127.03333, 37.66442]}, "properties": {"id": "599", "gu": "도봉구", "dong": "방학동", "jibun": "605-21", "addr": "도봉구 방학동 605-21", "지형높이": "평지", "지형형상": "정방형", "도로접면": "세로한면(가)", "OSC공법": "소형", "approx": false}}, {"type": "Feature", "geometry": {"type": "Point", "coordinates": [127.03333, 37.66442]}, "properties": {"id": "602", "gu": "도봉구", "dong": "방학동", "jibun": "610-23", "addr": "도봉구 방학동 610-23", "지형높이": "평지", "지형형상": "정방형", "도로접면": "세로각지(가)", "OSC공법": "소형", "approx": false}}, {"type": "Feature", "geometry": {"type": "Point", "coordinates": [127.03333, 37.66442]}, "properties": {"id": "606", "gu": "도봉구", "dong": "방학동", "jibun": "623-17", "addr": "도봉구 방학동 623-17", "지형높이": "평지", "지형형상": "세로장방", "도로접면": "세로한면(가)", "OSC공법": "소형", "approx": false}}, {"type": "Feature", "geometry": {"type": "Point", "coordinates": [127.03333, 37.66442]}, "properties": {"id": "607", "gu": "도봉구", "dong": "방학동", "jibun": "623-24", "addr": "도봉구 방학동 623-24", "지형높이": "평지", "지형형상": "정방형", "도로접면": "세로한면(가)", "OSC공법": "소형", "approx": false}}, {"type": "Feature", "geometry": {"type": "Point", "coordinates": [127.03333, 37.66442]}, "properties": {"id": "610", "gu": "도봉구", "dong": "방학동", "jibun": "627-6", "addr": "도봉구 방학동 627-6", "지형높이": "평지", "지형형상": "세로장방", "도로접면": "세로한면(가)", "OSC공법": "소형", "approx": false}}, {"type": "Feature", "geometry": {"type": "Point", "coordinates": [127.03333, 37.66442]}, "properties": {"id": "612", "gu": "도봉구", "dong": "방학동", "jibun": "629-14", "addr": "도봉구 방학동 629-14", "지형높이": "평지", "지형형상": "자루형", "도로접면": "세로한면(가)", "OSC공법": "소형", "approx": false}}, {"type": "Feature", "geometry": {"type": "Point", "coordinates": [127.03333, 37.66442]}, "properties": {"id": "613", "gu": "도봉구", "dong": "방학동", "jibun": "630-37", "addr": "도봉구 방학동 630-37", "지형높이": "평지", "지형형상": "세로장방", "도로접면": "세로한면(가)", "OSC공법": "소형", "approx": false}}, {"type": "Feature", "geometry": {"type": "Point", "coordinates": [127.03333, 37.66442]}, "properties": {"id": "616", "gu": "도봉구", "dong": "방학동", "jibun": "632-73", "addr": "도봉구 방학동 632-73", "지형높이": "평지", "지형형상": "가로장방", "도로접면": "세로한면(가)", "OSC공법": "소형", "approx": false}}, {"type": "Feature", "geometry": {"type": "Point", "coordinates": [127.03333, 37.66442]}, "properties": {"id": "621", "gu": "도봉구", "dong": "방학동", "jibun": "640-43", "addr": "도봉구 방학동 640-43", "지형높이": "평지", "지형형상": "세로장방", "도로접면": "세로한면(가)", "OSC공법": "소형", "approx": false}}, {"type": "Feature", "geometry": {"type": "Point", "coordinates": [127.03333, 37.66442]}, "properties": {"id": "622", "gu": "도봉구", "dong": "방학동", "jibun": "643-26", "addr": "도봉구 방학동 643-26", "지형높이": "평지", "지형형상": "사다리형", "도로접면": "소로각지", "OSC공법": "중형", "approx": false}}, {"type": "Feature", "geometry": {"type": "Point", "coordinates": [127.03333, 37.66442]}, "properties": {"id": "625", "gu": "도봉구", "dong": "방학동", "jibun": "658-1", "addr": "도봉구 방학동 658-1", "지형높이": "평지", "지형형상": "사다리형", "도로접면": "소로한면", "OSC공법": "중형", "approx": false}}, {"type": "Feature", "geometry": {"type": "Point", "coordinates": [127.03333, 37.66442]}, "properties": {"id": "626", "gu": "도봉구", "dong": "방학동", "jibun": "660-28", "addr": "도봉구 방학동 660-28", "지형높이": "평지", "지형형상": "자루형", "도로접면": "소로한면", "OSC공법": "소형", "approx": false}}, {"type": "Feature", "geometry": {"type": "Point", "coordinates": [127.03333, 37.66442]}, "properties": {"id": "627", "gu": "도봉구", "dong": "방학동", "jibun": "681-34", "addr": "도봉구 방학동 681-34", "지형높이": "평지", "지형형상": "사다리형", "도로접면": "세로한면(가)", "OSC공법": "소형", "approx": false}}, {"type": "Feature", "geometry": {"type": "Point", "coordinates": [127.03333, 37.66442]}, "properties": {"id": "629", "gu": "도봉구", "dong": "방학동", "jibun": "685-50", "addr": "도봉구 방학동 685-50", "지형높이": "평지", "지형형상": "정방형", "도로접면": "세로한면(불)", "OSC공법": "소형", "approx": false}}, {"type": "Feature", "geometry": {"type": "Point", "coordinates": [127.03333, 37.66442]}, "properties": {"id": "630", "gu": "도봉구", "dong": "방학동", "jibun": "686-12", "addr": "도봉구 방학동 686-12", "지형높이": "평지", "지형형상": "자루형", "도로접면": "세로한면(가)", "OSC공법": "소형", "approx": false}}, {"type": "Feature", "geometry": {"type": "Point", "coordinates": [127.03333, 37.66442]}, "properties": {"id": "631", "gu": "도봉구", "dong": "방학동", "jibun": "690-20", "addr": "도봉구 방학동 690-20", "지형높이": "평지", "지형형상": "정방형", "도로접면": "세로한면(가)", "OSC공법": "소형", "approx": false}}, {"type": "Feature", "geometry": {"type": "Point", "coordinates": [127.03333, 37.66442]}, "properties": {"id": "632", "gu": "도봉구", "dong": "방학동", "jibun": "693-5", "addr": "도봉구 방학동 693-5", "지형높이": "평지", "지형형상": "사다리형", "도로접면": "세로각지(가)", "OSC공법": "소형", "approx": false}}, {"type": "Feature", "geometry": {"type": "Point", "coordinates": [127.03333, 37.66442]}, "properties": {"id": "633", "gu": "도봉구", "dong": "방학동", "jibun": "693-15", "addr": "도봉구 방학동 693-15", "지형높이": "평지", "지형형상": "정방형", "도로접면": "세로한면(가)", "OSC공법": "소형", "approx": false}}, {"type": "Feature", "geometry": {"type": "Point", "coordinates": [127.03333, 37.66442]}, "properties": {"id": "634", "gu": "도봉구", "dong": "방학동", "jibun": "693-19", "addr": "도봉구 방학동 693-19", "지형높이": "평지", "지형형상": "세로장방", "도로접면": "세로한면(가)", "OSC공법": "소형", "approx": false}}, {"type": "Feature", "geometry": {"type": "Point", "coordinates": [127.03333, 37.66442]}, "properties": {"id": "637", "gu": "도봉구", "dong": "방학동", "jibun": "700-11", "addr": "도봉구 방학동 700-11", "지형높이": "평지", "지형형상": "세로장방", "도로접면": "세로한면(가)", "OSC공법": "소형", "approx": false}}, {"type": "Feature", "geometry": {"type": "Point", "coordinates": [127.03333, 37.66442]}, "properties": {"id": "638", "gu": "도봉구", "dong": "방학동", "jibun": "700-63", "addr": "도봉구 방학동 700-63", "지형높이": "평지", "지형형상": "세로장방", "도로접면": "세로한면(불)", "OSC공법": "소형", "approx": false}}, {"type": "Feature", "geometry": {"type": "Point", "coordinates": [127.0425405, 37.6826056]}, "properties": {"id": "662", "gu": "도봉구", "dong": "도봉동", "jibun": "558-9", "addr": "도봉구 도봉동 558-9", "지형높이": "평지", "지형형상": "세로장방", "도로접면": "세로한면(불)", "OSC공법": "소형", "approx": false}}, {"type": "Feature", "geometry": {"type": "Point", "coordinates": [127.0425405, 37.6826056]}, "properties": {"id": "664", "gu": "도봉구", "dong": "도봉동", "jibun": "564-13", "addr": "도봉구 도봉동 564-13", "지형높이": "평지", "지형형상": "사다리형", "도로접면": "세로한면(가)", "OSC공법": "소형", "approx": false}}, {"type": "Feature", "geometry": {"type": "Point", "coordinates": [127.0425405, 37.6826056]}, "properties": {"id": "668", "gu": "도봉구", "dong": "도봉동", "jibun": "570-21", "addr": "도봉구 도봉동 570-21", "지형높이": "평지", "지형형상": "세로장방", "도로접면": "세로한면(가)", "OSC공법": "소형", "approx": false}}, {"type": "Feature", "geometry": {"type": "Point", "coordinates": [127.0425405, 37.6826056]}, "properties": {"id": "669", "gu": "도봉구", "dong": "도봉동", "jibun": "574-26", "addr": "도봉구 도봉동 574-26", "지형높이": "평지", "지형형상": "사다리형", "도로접면": "세로각지(가)", "OSC공법": "소형", "approx": false}}, {"type": "Feature", "geometry": {"type": "Point", "coordinates": [127.0425405, 37.6826056]}, "properties": {"id": "675", "gu": "도봉구", "dong": "도봉동", "jibun": "602-39", "addr": "도봉구 도봉동 602-39", "지형높이": "평지", "지형형상": "세로장방", "도로접면": "세로한면(가)", "OSC공법": "소형", "approx": false}}, {"type": "Feature", "geometry": {"type": "Point", "coordinates": [127.0425405, 37.6826056]}, "properties": {"id": "677", "gu": "도봉구", "dong": "도봉동", "jibun": "604-30", "addr": "도봉구 도봉동 604-30", "지형높이": "평지", "지형형상": "사다리형", "도로접면": "세로한면(가)", "OSC공법": "소형", "approx": false}}, {"type": "Feature", "geometry": {"type": "Point", "coordinates": [127.0425405, 37.6826056]}, "properties": {"id": "678", "gu": "도봉구", "dong": "도봉동", "jibun": "605-2", "addr": "도봉구 도봉동 605-2", "지형높이": "평지", "지형형상": "사다리형", "도로접면": "소로한면", "OSC공법": "중형", "approx": false}}, {"type": "Feature", "geometry": {"type": "Point", "coordinates": [127.0425405, 37.6826056]}, "properties": {"id": "681", "gu": "도봉구", "dong": "도봉동", "jibun": "608-9", "addr": "도봉구 도봉동 608-9", "지형높이": "평지", "지형형상": "정방형", "도로접면": "세로한면(가)", "OSC공법": "소형", "approx": false}}, {"type": "Feature", "geometry": {"type": "Point", "coordinates": [127.0425405, 37.6826056]}, "properties": {"id": "682", "gu": "도봉구", "dong": "도봉동", "jibun": "613-7", "addr": "도봉구 도봉동 613-7", "지형높이": "평지", "지형형상": "세로장방", "도로접면": "세로한면(가)", "OSC공법": "소형", "approx": false}}, {"type": "Feature", "geometry": {"type": "Point", "coordinates": [127.0425405, 37.6826056]}, "properties": {"id": "683", "gu": "도봉구", "dong": "도봉동", "jibun": "615-47", "addr": "도봉구 도봉동 615-47", "지형높이": "평지", "지형형상": "정방형", "도로접면": "세로한면(가)", "OSC공법": "소형", "approx": false}}, {"type": "Feature", "geometry": {"type": "Point", "coordinates": [127.0425405, 37.6826056]}, "properties": {"id": "684", "gu": "도봉구", "dong": "도봉동", "jibun": "616-6", "addr": "도봉구 도봉동 616-6", "지형높이": "평지", "지형형상": "자루형", "도로접면": "세로한면(가)", "OSC공법": "", "approx": false}}, {"type": "Feature", "geometry": {"type": "Point", "coordinates": [127.0425405, 37.6826056]}, "properties": {"id": "685", "gu": "도봉구", "dong": "도봉동", "jibun": "616-7", "addr": "도봉구 도봉동 616-7", "지형높이": "평지", "지형형상": "자루형", "도로접면": "세로한면(가)", "OSC공법": "소형", "approx": false}}, {"type": "Feature", "geometry": {"type": "Point", "coordinates": [127.0425405, 37.6826056]}, "properties": {"id": "687", "gu": "도봉구", "dong": "도봉동", "jibun": "622-23", "addr": "도봉구 도봉동 622-23", "지형높이": "평지", "지형형상": "가로장방", "도로접면": "세로한면(가)", "OSC공법": "소형", "approx": false}}, {"type": "Feature", "geometry": {"type": "Point", "coordinates": [127.0303548, 37.6852654]}, "properties": {"id": "688", "gu": "도봉구", "dong": "도봉동", "jibun": "623-160", "addr": "도봉구 도봉동 623-160", "지형높이": "평지", "지형형상": "정방형", "도로접면": "세로한면(불)", "OSC공법": "소형", "approx": true}}, {"type": "Feature", "geometry": {"type": "Point", "coordinates": [127.07242, 37.66727]}, "properties": {"id": "764", "gu": "노원구", "dong": "상계동", "jibun": "1054-37", "addr": "노원구 상계동 1054-37", "지형높이": "평지", "지형형상": "사다리형", "도로접면": "세로한면(가)", "OSC공법": "소형", "approx": false}}, {"type": "Feature", "geometry": {"type": "Point", "coordinates": [127.07242, 37.66727]}, "properties": {"id": "765", "gu": "노원구", "dong": "상계동", "jibun": "1086-5", "addr": "노원구 상계동 1086-5", "지형높이": "평지", "지형형상": "가로장방", "도로접면": "세로한면(가)", "OSC공법": "소형", "approx": false}}, {"type": "Feature", "geometry": {"type": "Point", "coordinates": [127.07242, 37.66727]}, "properties": {"id": "766", "gu": "노원구", "dong": "상계동", "jibun": "1086-7", "addr": "노원구 상계동 1086-7", "지형높이": "평지", "지형형상": "사다리형", "도로접면": "세로한면(가)", "OSC공법": "소형", "approx": false}}, {"type": "Feature", "geometry": {"type": "Point", "coordinates": [127.07242, 37.66727]}, "properties": {"id": "767", "gu": "노원구", "dong": "상계동", "jibun": "1086-19", "addr": "노원구 상계동 1086-19", "지형높이": "평지", "지형형상": "가로장방", "도로접면": "세로한면(가)", "OSC공법": "소형", "approx": false}}, {"type": "Feature", "geometry": {"type": "Point", "coordinates": [127.07242, 37.66727]}, "properties": {"id": "768", "gu": "노원구", "dong": "상계동", "jibun": "1086-22", "addr": "노원구 상계동 1086-22", "지형높이": "평지", "지형형상": "사다리형", "도로접면": "세로한면(가)", "OSC공법": "소형", "approx": false}}, {"type": "Feature", "geometry": {"type": "Point", "coordinates": [127.07242, 37.66727]}, "properties": {"id": "770", "gu": "노원구", "dong": "상계동", "jibun": "1105-26", "addr": "노원구 상계동 1105-26", "지형높이": "평지", "지형형상": "세로장방", "도로접면": "소로각지", "OSC공법": "중형", "approx": false}}, {"type": "Feature", "geometry": {"type": "Point", "coordinates": [127.07242, 37.66727]}, "properties": {"id": "771", "gu": "노원구", "dong": "상계동", "jibun": "1105-27", "addr": "노원구 상계동 1105-27", "지형높이": "평지", "지형형상": "사다리형", "도로접면": "소로각지", "OSC공법": "중형", "approx": false}}, {"type": "Feature", "geometry": {"type": "Point", "coordinates": [127.0257543, 37.628995]}, "properties": {"id": "409", "gu": "강북구", "dong": "미아동", "jibun": "129-39", "addr": "강북구 미아동 129-39", "지형높이": "평지", "지형형상": "정방형", "도로접면": "세로각지(가)", "OSC공법": "소형", "approx": false}}, {"type": "Feature", "geometry": {"type": "Point", "coordinates": [127.0209076, 37.6220808]}, "properties": {"id": "433", "gu": "강북구", "dong": "미아동", "jibun": "791-3224", "addr": "강북구 미아동 791-3224", "지형높이": "완경사", "지형형상": "사다리형", "도로접면": "소로각지", "OSC공법": "중형", "approx": true}}, {"type": "Feature", "geometry": {"type": "Point", "coordinates": [127.0090642, 37.6352212]}, "properties": {"id": "452", "gu": "강북구", "dong": "수유동", "jibun": "125-10", "addr": "강북구 수유동 125-10", "지형높이": "평지", "지형형상": "세로장방", "도로접면": "소로한면", "OSC공법": "중형", "approx": false}}, {"type": "Feature", "geometry": {"type": "Point", "coordinates": [127.0090642, 37.6352212]}, "properties": {"id": "454", "gu": "강북구", "dong": "수유동", "jibun": "166-9", "addr": "강북구 수유동 166-9", "지형높이": "평지", "지형형상": "정방형", "도로접면": "세로한면(가)", "OSC공법": "소형", "approx": false}}, {"type": "Feature", "geometry": {"type": "Point", "coordinates": [127.0090642, 37.6352212]}, "properties": {"id": "455", "gu": "강북구", "dong": "수유동", "jibun": "166-13", "addr": "강북구 수유동 166-13", "지형높이": "평지", "지형형상": "세로장방", "도로접면": "세로한면(가)", "OSC공법": "소형", "approx": false}}, {"type": "Feature", "geometry": {"type": "Point", "coordinates": [127.0090642, 37.6352212]}, "properties": {"id": "457", "gu": "강북구", "dong": "수유동", "jibun": "175-45", "addr": "강북구 수유동 175-45", "지형높이": "평지", "지형형상": "정방형", "도로접면": "세로각지(가)", "OSC공법": "소형", "approx": false}}, {"type": "Feature", "geometry": {"type": "Point", "coordinates": [127.0090642, 37.6352212]}, "properties": {"id": "462", "gu": "강북구", "dong": "수유동", "jibun": "270-70", "addr": "강북구 수유동 270-70", "지형높이": "평지", "지형형상": "사다리형", "도로접면": "세로각지(가)", "OSC공법": "소형", "approx": false}}, {"type": "Feature", "geometry": {"type": "Point", "coordinates": [127.0090642, 37.6352212]}, "properties": {"id": "469", "gu": "강북구", "dong": "수유동", "jibun": "291-14", "addr": "강북구 수유동 291-14", "지형높이": "평지", "지형형상": "가로장방", "도로접면": "세로한면(가)", "OSC공법": "소형", "approx": false}}, {"type": "Feature", "geometry": {"type": "Point", "coordinates": [127.0090642, 37.6352212]}, "properties": {"id": "473", "gu": "강북구", "dong": "수유동", "jibun": "313-43", "addr": "강북구 수유동 313-43", "지형높이": "평지", "지형형상": "사다리형", "도로접면": "세로각지(가)", "OSC공법": "소형", "approx": false}}, {"type": "Feature", "geometry": {"type": "Point", "coordinates": [127.0090642, 37.6352212]}, "properties": {"id": "474", "gu": "강북구", "dong": "수유동", "jibun": "335-6", "addr": "강북구 수유동 335-6", "지형높이": "평지", "지형형상": "자루형", "도로접면": "세로한면(가)", "OSC공법": "", "approx": false}}, {"type": "Feature", "geometry": {"type": "Point", "coordinates": [127.0090642, 37.6352212]}, "properties": {"id": "478", "gu": "강북구", "dong": "수유동", "jibun": "363-6", "addr": "강북구 수유동 363-6", "지형높이": "평지", "지형형상": "사다리형", "도로접면": "세로한면(가)", "OSC공법": "소형", "approx": false}}, {"type": "Feature", "geometry": {"type": "Point", "coordinates": [127.0043825, 37.636597]}, "properties": {"id": "479", "gu": "강북구", "dong": "수유동", "jibun": "391-339", "addr": "강북구 수유동 391-339", "지형높이": "평지", "지형형상": "사다리형", "도로접면": "세로한면(가)", "OSC공법": "소형", "approx": true}}, {"type": "Feature", "geometry": {"type": "Point", "coordinates": [127.0090642, 37.6352212]}, "properties": {"id": "494", "gu": "강북구", "dong": "수유동", "jibun": "475-124", "addr": "강북구 수유동 475-124", "지형높이": "평지", "지형형상": "사다리형", "도로접면": "세로한면(가)", "OSC공법": "", "approx": false}}, {"type": "Feature", "geometry": {"type": "Point", "coordinates": [127.0090642, 37.6352212]}, "properties": {"id": "508", "gu": "강북구", "dong": "수유동", "jibun": "527-49", "addr": "강북구 수유동 527-49", "지형높이": "완경사", "지형형상": "정방형", "도로접면": "세로한면(불)", "OSC공법": "소형", "approx": false}}, {"type": "Feature", "geometry": {"type": "Point", "coordinates": [127.0090642, 37.6352212]}, "properties": {"id": "509", "gu": "강북구", "dong": "수유동", "jibun": "536-27", "addr": "강북구 수유동 536-27", "지형높이": "평지", "지형형상": "사다리형", "도로접면": "소로한면", "OSC공법": "중형", "approx": false}}, {"type": "Feature", "geometry": {"type": "Point", "coordinates": [127.0090642, 37.6352212]}, "properties": {"id": "510", "gu": "강북구", "dong": "수유동", "jibun": "540-46", "addr": "강북구 수유동 540-46", "지형높이": "평지", "지형형상": "가로장방", "도로접면": "세로한면(가)", "OSC공법": "소형", "approx": false}}, {"type": "Feature", "geometry": {"type": "Point", "coordinates": [127.0090642, 37.6352212]}, "properties": {"id": "511", "gu": "강북구", "dong": "수유동", "jibun": "542-3", "addr": "강북구 수유동 542-3", "지형높이": "평지", "지형형상": "사다리형", "도로접면": "세로한면(가)", "OSC공법": "", "approx": false}}, {"type": "Feature", "geometry": {"type": "Point", "coordinates": [127.0090642, 37.6352212]}, "properties": {"id": "515", "gu": "강북구", "dong": "수유동", "jibun": "567-20", "addr": "강북구 수유동 567-20", "지형높이": "평지", "지형형상": "정방형", "도로접면": "세로각지(가)", "OSC공법": "소형", "approx": false}}, {"type": "Feature", "geometry": {"type": "Point", "coordinates": [127.0090642, 37.6352212]}, "properties": {"id": "516", "gu": "강북구", "dong": "수유동", "jibun": "567-27", "addr": "강북구 수유동 567-27", "지형높이": "평지", "지형형상": "세로장방", "도로접면": "세로한면(가)", "OSC공법": "소형", "approx": false}}, {"type": "Feature", "geometry": {"type": "Point", "coordinates": [127.0090642, 37.6352212]}, "properties": {"id": "517", "gu": "강북구", "dong": "수유동", "jibun": "567-42", "addr": "강북구 수유동 567-42", "지형높이": "평지", "지형형상": "자루형", "도로접면": "세로한면(가)", "OSC공법": "소형", "approx": false}}, {"type": "Feature", "geometry": {"type": "Point", "coordinates": [127.02715, 37.65347]}, "properties": {"id": "552", "gu": "도봉구", "dong": "쌍문동", "jibun": "75-52", "addr": "도봉구 쌍문동 75-52", "지형높이": "평지", "지형형상": "자루형", "도로접면": "세로한면(가)", "OSC공법": "소형", "approx": false}}, {"type": "Feature", "geometry": {"type": "Point", "coordinates": [127.0249366, 37.6529346]}, "properties": {"id": "553", "gu": "도봉구", "dong": "쌍문동", "jibun": "81-164", "addr": "도봉구 쌍문동 81-164", "지형높이": "평지", "지형형상": "가로장방", "도로접면": "세로한면(가)", "OSC공법": "소형", "approx": true}}, {"type": "Feature", "geometry": {"type": "Point", "coordinates": [127.02715, 37.65347]}, "properties": {"id": "557", "gu": "도봉구", "dong": "쌍문동", "jibun": "123-73", "addr": "도봉구 쌍문동 123-73", "지형높이": "평지", "지형형상": "가로장방", "도로접면": "세로한면(가)", "OSC공법": "소형", "approx": false}}, {"type": "Feature", "geometry": {"type": "Point", "coordinates": [127.02715, 37.65347]}, "properties": {"id": "560", "gu": "도봉구", "dong": "쌍문동", "jibun": "137-226", "addr": "도봉구 쌍문동 137-226", "지형높이": "평지", "지형형상": "세로장방", "도로접면": "소로한면", "OSC공법": "중형", "approx": false}}, {"type": "Feature", "geometry": {"type": "Point", "coordinates": [127.02715, 37.65347]}, "properties": {"id": "561", "gu": "도봉구", "dong": "쌍문동", "jibun": "286-22", "addr": "도봉구 쌍문동 286-22", "지형높이": "평지", "지형형상": "정방형", "도로접면": "세로각지(가)", "OSC공법": "소형", "approx": false}}, {"type": "Feature", "geometry": {"type": "Point", "coordinates": [127.02715, 37.65347]}, "properties": {"id": "562", "gu": "도봉구", "dong": "쌍문동", "jibun": "291-2", "addr": "도봉구 쌍문동 291-2", "지형높이": "평지", "지형형상": "세로장방", "도로접면": "세로한면(불)", "OSC공법": "소형", "approx": false}}, {"type": "Feature", "geometry": {"type": "Point", "coordinates": [127.0249366, 37.6529346]}, "properties": {"id": "564", "gu": "도봉구", "dong": "쌍문동", "jibun": "315-181", "addr": "도봉구 쌍문동 315-181", "지형높이": "평지", "지형형상": "세로장방", "도로접면": "세로각지(가)", "OSC공법": "소형", "approx": true}}, {"type": "Feature", "geometry": {"type": "Point", "coordinates": [127.02715, 37.65347]}, "properties": {"id": "566", "gu": "도봉구", "dong": "쌍문동", "jibun": "357-35", "addr": "도봉구 쌍문동 357-35", "지형높이": "평지", "지형형상": "사다리형", "도로접면": "세로한면(가)", "OSC공법": "소형", "approx": false}}, {"type": "Feature", "geometry": {"type": "Point", "coordinates": [127.02715, 37.65347]}, "properties": {"id": "567", "gu": "도봉구", "dong": "쌍문동", "jibun": "361-17", "addr": "도봉구 쌍문동 361-17", "지형높이": "평지", "지형형상": "세로장방", "도로접면": "세로한면(가)", "OSC공법": "소형", "approx": false}}, {"type": "Feature", "geometry": {"type": "Point", "coordinates": [127.02715, 37.65347]}, "properties": {"id": "568", "gu": "도봉구", "dong": "쌍문동", "jibun": "414-45", "addr": "도봉구 쌍문동 414-45", "지형높이": "평지", "지형형상": "사다리형", "도로접면": "세로한면(가)", "OSC공법": "소형", "approx": false}}, {"type": "Feature", "geometry": {"type": "Point", "coordinates": [127.02715, 37.65347]}, "properties": {"id": "569", "gu": "도봉구", "dong": "쌍문동", "jibun": "423-49", "addr": "도봉구 쌍문동 423-49", "지형높이": "평지", "지형형상": "가로장방", "도로접면": "세로한면(가)", "OSC공법": "소형", "approx": false}}, {"type": "Feature", "geometry": {"type": "Point", "coordinates": [127.02715, 37.65347]}, "properties": {"id": "570", "gu": "도봉구", "dong": "쌍문동", "jibun": "460-23", "addr": "도봉구 쌍문동 460-23", "지형높이": "완경사", "지형형상": "세로장방", "도로접면": "세로각지(가)", "OSC공법": "소형", "approx": false}}, {"type": "Feature", "geometry": {"type": "Point", "coordinates": [127.0249366, 37.6529346]}, "properties": {"id": "571", "gu": "도봉구", "dong": "쌍문동", "jibun": "460-129", "addr": "도봉구 쌍문동 460-129", "지형높이": "평지", "지형형상": "사다리형", "도로접면": "소로각지", "OSC공법": "중형", "approx": true}}, {"type": "Feature", "geometry": {"type": "Point", "coordinates": [127.0249366, 37.6529346]}, "properties": {"id": "572", "gu": "도봉구", "dong": "쌍문동", "jibun": "460-175", "addr": "도봉구 쌍문동 460-175", "지형높이": "완경사", "지형형상": "사다리형", "도로접면": "세로한면(가)", "OSC공법": "소형", "approx": true}}, {"type": "Feature", "geometry": {"type": "Point", "coordinates": [127.07242, 37.66727]}, "properties": {"id": "738", "gu": "노원구", "dong": "상계동", "jibun": "456-83", "addr": "노원구 상계동 456-83", "지형높이": "평지", "지형형상": "세로장방", "도로접면": "세로각지(가)", "OSC공법": "소형", "approx": false}}, {"type": "Feature", "geometry": {"type": "Point", "coordinates": [127.05086, 37.6162]}, "properties": {"id": "400", "gu": "성북구", "dong": "장위동", "jibun": "233-281", "addr": "성북구 장위동 233-281", "지형높이": "평지", "지형형상": "정방형", "도로접면": "세로한면(가)", "OSC공법": "소형", "approx": false}}, {"type": "Feature", "geometry": {"type": "Point", "coordinates": [127.0614852, 37.6078902]}, "properties": {"id": "408", "gu": "성북구", "dong": "석관동", "jibun": "340-280", "addr": "성북구 석관동 340-280", "지형높이": "완경사", "지형형상": "사다리형", "도로접면": "세로각지(가)", "OSC공법": "소형", "approx": true}}, {"type": "Feature", "geometry": {"type": "Point", "coordinates": [127.0567, 37.6289]}, "properties": {"id": "692", "gu": "노원구", "dong": "월계동", "jibun": "534-57", "addr": "노원구 월계동 534-57", "지형높이": "완경사", "지형형상": "정방형", "도로접면": "세로각지(가)", "OSC공법": "소형", "approx": false}}, {"type": "Feature", "geometry": {"type": "Point", "coordinates": [127.0567, 37.6289]}, "properties": {"id": "693", "gu": "노원구", "dong": "월계동", "jibun": "534-78", "addr": "노원구 월계동 534-78", "지형높이": "평지", "지형형상": "정방형", "도로접면": "세로한면(가)", "OSC공법": "소형", "approx": false}}, {"type": "Feature", "geometry": {"type": "Point", "coordinates": [126.99794, 37.61654]}, "properties": {"id": "340", "gu": "성북구", "dong": "정릉동", "jibun": "254-85", "addr": "성북구 정릉동 254-85", "지형높이": "완경사", "지형형상": "사다리형", "도로접면": "세로한면(불)", "OSC공법": "소형", "approx": false}}, {"type": "Feature", "geometry": {"type": "Point", "coordinates": [126.99794, 37.61654]}, "properties": {"id": "341", "gu": "성북구", "dong": "정릉동", "jibun": "254-93", "addr": "성북구 정릉동 254-93", "지형높이": "완경사", "지형형상": "사다리형", "도로접면": "세로한면(불)", "OSC공법": "소형", "approx": false}}, {"type": "Feature", "geometry": {"type": "Point", "coordinates": [126.99794, 37.61654]}, "properties": {"id": "342", "gu": "성북구", "dong": "정릉동", "jibun": "266-55", "addr": "성북구 정릉동 266-55", "지형높이": "평지", "지형형상": "사다리형", "도로접면": "소로각지", "OSC공법": "", "approx": false}}, {"type": "Feature", "geometry": {"type": "Point", "coordinates": [126.9972998, 37.6167954]}, "properties": {"id": "343", "gu": "성북구", "dong": "정릉동", "jibun": "266-335", "addr": "성북구 정릉동 266-335", "지형높이": "완경사", "지형형상": "세로장방", "도로접면": "세로한면(불)", "OSC공법": "소형", "approx": true}}, {"type": "Feature", "geometry": {"type": "Point", "coordinates": [126.99794, 37.61654]}, "properties": {"id": "344", "gu": "성북구", "dong": "정릉동", "jibun": "266-338", "addr": "성북구 정릉동 266-338", "지형높이": "완경사", "지형형상": "사다리형", "도로접면": "세로한면(가)", "OSC공법": "소형", "approx": false}}, {"type": "Feature", "geometry": {"type": "Point", "coordinates": [126.99794, 37.61654]}, "properties": {"id": "347", "gu": "성북구", "dong": "정릉동", "jibun": "409-1", "addr": "성북구 정릉동 409-1", "지형높이": "완경사", "지형형상": "사다리형", "도로접면": "세로한면(불)", "OSC공법": "소형", "approx": false}}, {"type": "Feature", "geometry": {"type": "Point", "coordinates": [126.99794, 37.61654]}, "properties": {"id": "356", "gu": "성북구", "dong": "정릉동", "jibun": "788-11", "addr": "성북구 정릉동 788-11", "지형높이": "완경사", "지형형상": "사다리형", "도로접면": "세로한면(가)", "OSC공법": "소형", "approx": false}}, {"type": "Feature", "geometry": {"type": "Point", "coordinates": [126.99794, 37.61654]}, "properties": {"id": "358", "gu": "성북구", "dong": "정릉동", "jibun": "822-14", "addr": "성북구 정릉동 822-14", "지형높이": "완경사", "지형형상": "사다리형", "도로접면": "세로한면(가)", "OSC공법": "소형", "approx": false}}, {"type": "Feature", "geometry": {"type": "Point", "coordinates": [127.0727409, 37.5329735]}, "properties": {"id": "105", "gu": "광진구", "dong": "자양동", "jibun": "635-9", "addr": "광진구 자양동 635-9", "지형높이": "평지", "지형형상": "세로장방", "도로접면": "세로한면(가)", "OSC공법": "", "approx": false}}, {"type": "Feature", "geometry": {"type": "Point", "coordinates": [127.05543, 37.5806]}, "properties": {"id": "121", "gu": "동대문구", "dong": "전농동", "jibun": "55-12", "addr": "동대문구 전농동 55-12", "지형높이": "평지", "지형형상": "부정형", "도로접면": "세로각지(가)", "OSC공법": "소형", "approx": false}}, {"type": "Feature", "geometry": {"type": "Point", "coordinates": [127.06806, 37.57105]}, "properties": {"id": "158", "gu": "동대문구", "dong": "장안동", "jibun": "404-14", "addr": "동대문구 장안동 404-14", "지형높이": "평지", "지형형상": "세로장방", "도로접면": "소로한면", "OSC공법": "중형", "approx": false}}, {"type": "Feature", "geometry": {"type": "Point", "coordinates": [127.06526, 37.58773]}, "properties": {"id": "164", "gu": "동대문구", "dong": "휘경동", "jibun": "286-139", "addr": "동대문구 휘경동 286-139", "지형높이": "평지", "지형형상": "정방형", "도로접면": "세로각지(가)", "OSC공법": "소형", "approx": true}}, {"type": "Feature", "geometry": {"type": "Point", "coordinates": [127.06124, 37.60021]}, "properties": {"id": "166", "gu": "동대문구", "dong": "이문동", "jibun": "63-10", "addr": "동대문구 이문동 63-10", "지형높이": "평지", "지형형상": "자루형", "도로접면": "소로한면", "OSC공법": "", "approx": false}}, {"type": "Feature", "geometry": {"type": "Point", "coordinates": [127.09034, 37.58178]}, "properties": {"id": "168", "gu": "중랑구", "dong": "면목동", "jibun": "42-37", "addr": "중랑구 면목동 42-37", "지형높이": "평지", "지형형상": "세로장방", "도로접면": "소로한면", "OSC공법": "중형", "approx": false}}, {"type": "Feature", "geometry": {"type": "Point", "coordinates": [127.09034, 37.58178]}, "properties": {"id": "169", "gu": "중랑구", "dong": "면목동", "jibun": "43-44", "addr": "중랑구 면목동 43-44", "지형높이": "평지", "지형형상": "가로장방", "도로접면": "세로한면(가)", "OSC공법": "소형", "approx": false}}, {"type": "Feature", "geometry": {"type": "Point", "coordinates": [127.09034, 37.58178]}, "properties": {"id": "178", "gu": "중랑구", "dong": "면목동", "jibun": "113-63", "addr": "중랑구 면목동 113-63", "지형높이": "평지", "지형형상": "가로장방", "도로접면": "세로한면(가)", "OSC공법": "소형", "approx": false}}, {"type": "Feature", "geometry": {"type": "Point", "coordinates": [127.09034, 37.58178]}, "properties": {"id": "184", "gu": "중랑구", "dong": "면목동", "jibun": "144-14", "addr": "중랑구 면목동 144-14", "지형높이": "평지", "지형형상": "가로장방", "도로접면": "세로한면(불)", "OSC공법": "소형", "approx": false}}, {"type": "Feature", "geometry": {"type": "Point", "coordinates": [127.09034, 37.58178]}, "properties": {"id": "188", "gu": "중랑구", "dong": "면목동", "jibun": "177-24", "addr": "중랑구 면목동 177-24", "지형높이": "평지", "지형형상": "세로장방", "도로접면": "세로한면(가)", "OSC공법": "소형", "approx": false}}, {"type": "Feature", "geometry": {"type": "Point", "coordinates": [127.09034, 37.58178]}, "properties": {"id": "189", "gu": "중랑구", "dong": "면목동", "jibun": "177-35", "addr": "중랑구 면목동 177-35", "지형높이": "평지", "지형형상": "세로장방", "도로접면": "세로한면(가)", "OSC공법": "소형", "approx": false}}, {"type": "Feature", "geometry": {"type": "Point", "coordinates": [127.09034, 37.58178]}, "properties": {"id": "194", "gu": "중랑구", "dong": "면목동", "jibun": "191-115", "addr": "중랑구 면목동 191-115", "지형높이": "평지", "지형형상": "정방형", "도로접면": "세로한면(가)", "OSC공법": "소형", "approx": false}}, {"type": "Feature", "geometry": {"type": "Point", "coordinates": [127.09034, 37.58178]}, "properties": {"id": "199", "gu": "중랑구", "dong": "면목동", "jibun": "379-17", "addr": "중랑구 면목동 379-17", "지형높이": "평지", "지형형상": "세로장방", "도로접면": "소로각지", "OSC공법": "중형", "approx": false}}, {"type": "Feature", "geometry": {"type": "Point", "coordinates": [127.09034, 37.58178]}, "properties": {"id": "200", "gu": "중랑구", "dong": "면목동", "jibun": "436-26", "addr": "중랑구 면목동 436-26", "지형높이": "평지", "지형형상": "세로장방", "도로접면": "세로한면(가)", "OSC공법": "소형", "approx": false}}, {"type": "Feature", "geometry": {"type": "Point", "coordinates": [127.09283, 37.60002]}, "properties": {"id": "211", "gu": "중랑구", "dong": "상봉동", "jibun": "124-43", "addr": "중랑구 상봉동 124-43", "지형높이": "평지", "지형형상": "정방형", "도로접면": "세로한면(가)", "OSC공법": "소형", "approx": false}}, {"type": "Feature", "geometry": {"type": "Point", "coordinates": [127.09283, 37.60002]}, "properties": {"id": "212", "gu": "중랑구", "dong": "상봉동", "jibun": "124-56", "addr": "중랑구 상봉동 124-56", "지형높이": "평지", "지형형상": "세로장방", "도로접면": "세로각지(가)", "OSC공법": "소형", "approx": false}}, {"type": "Feature", "geometry": {"type": "Point", "coordinates": [127.07783, 37.59755]}, "properties": {"id": "228", "gu": "중랑구", "dong": "중화동", "jibun": "10-17", "addr": "중랑구 중화동 10-17", "지형높이": "평지", "지형형상": "사다리형", "도로접면": "세로한면(가)", "OSC공법": "소형", "approx": false}}, {"type": "Feature", "geometry": {"type": "Point", "coordinates": [127.07783, 37.59755]}, "properties": {"id": "229", "gu": "중랑구", "dong": "중화동", "jibun": "34-4", "addr": "중랑구 중화동 34-4", "지형높이": "평지", "지형형상": "사다리형", "도로접면": "세로한면(가)", "OSC공법": "중형", "approx": false}}, {"type": "Feature", "geometry": {"type": "Point", "coordinates": [127.07783, 37.59755]}, "properties": {"id": "230", "gu": "중랑구", "dong": "중화동", "jibun": "110-69", "addr": "중랑구 중화동 110-69", "지형높이": "평지", "지형형상": "사다리형", "도로접면": "세로한면(가)", "OSC공법": "소형", "approx": false}}, {"type": "Feature", "geometry": {"type": "Point", "coordinates": [127.07783, 37.59755]}, "properties": {"id": "231", "gu": "중랑구", "dong": "중화동", "jibun": "135-21", "addr": "중랑구 중화동 135-21", "지형높이": "평지", "지형형상": "사다리형", "도로접면": "세로한면(가)", "OSC공법": "소형", "approx": false}}, {"type": "Feature", "geometry": {"type": "Point", "coordinates": [127.07783, 37.59755]}, "properties": {"id": "232", "gu": "중랑구", "dong": "중화동", "jibun": "158-54", "addr": "중랑구 중화동 158-54", "지형높이": "평지", "지형형상": "세로장방", "도로접면": "세로한면(가)", "OSC공법": "소형", "approx": false}}, {"type": "Feature", "geometry": {"type": "Point", "coordinates": [127.07783, 37.59755]}, "properties": {"id": "236", "gu": "중랑구", "dong": "중화동", "jibun": "286-15", "addr": "중랑구 중화동 286-15", "지형높이": "평지", "지형형상": "정방형", "도로접면": "세로한면(불)", "OSC공법": "소형", "approx": false}}, {"type": "Feature", "geometry": {"type": "Point", "coordinates": [127.07783, 37.59755]}, "properties": {"id": "249", "gu": "중랑구", "dong": "중화동", "jibun": "332-51", "addr": "중랑구 중화동 332-51", "지형높이": "평지", "지형형상": "세로장방", "도로접면": "세로각지(가)", "OSC공법": "소형", "approx": false}}, {"type": "Feature", "geometry": {"type": "Point", "coordinates": [127.1054, 37.60178]}, "properties": {"id": "279", "gu": "중랑구", "dong": "망우동", "jibun": "153-22", "addr": "중랑구 망우동 153-22", "지형높이": "평지", "지형형상": "세로장방", "도로접면": "세로각지(가)", "OSC공법": "소형", "approx": false}}, {"type": "Feature", "geometry": {"type": "Point", "coordinates": [127.1054, 37.60178]}, "properties": {"id": "280", "gu": "중랑구", "dong": "망우동", "jibun": "184-8", "addr": "중랑구 망우동 184-8", "지형높이": "평지", "지형형상": "세로장방", "도로접면": "중로한면", "OSC공법": "중형", "approx": false}}, {"type": "Feature", "geometry": {"type": "Point", "coordinates": [127.1054, 37.60178]}, "properties": {"id": "284", "gu": "중랑구", "dong": "망우동", "jibun": "419-28", "addr": "중랑구 망우동 419-28", "지형높이": "평지", "지형형상": "사다리형", "도로접면": "세로각지(가)", "OSC공법": "소형", "approx": false}}, {"type": "Feature", "geometry": {"type": "Point", "coordinates": [127.1054, 37.60178]}, "properties": {"id": "286", "gu": "중랑구", "dong": "망우동", "jibun": "431-34", "addr": "중랑구 망우동 431-34", "지형높이": "평지", "지형형상": "정방형", "도로접면": "세로한면(가)", "OSC공법": "소형", "approx": false}}, {"type": "Feature", "geometry": {"type": "Point", "coordinates": [127.1054, 37.60178]}, "properties": {"id": "296", "gu": "중랑구", "dong": "망우동", "jibun": "460-12", "addr": "중랑구 망우동 460-12", "지형높이": "평지", "지형형상": "자루형", "도로접면": "세로한면(가)", "OSC공법": "소형", "approx": false}}, {"type": "Feature", "geometry": {"type": "Point", "coordinates": [127.1054, 37.60178]}, "properties": {"id": "297", "gu": "중랑구", "dong": "망우동", "jibun": "464-43", "addr": "중랑구 망우동 464-43", "지형높이": "평지", "지형형상": "사다리형", "도로접면": "세로한면(가)", "OSC공법": "소형", "approx": false}}, {"type": "Feature", "geometry": {"type": "Point", "coordinates": [127.1054, 37.60178]}, "properties": {"id": "299", "gu": "중랑구", "dong": "망우동", "jibun": "493-10", "addr": "중랑구 망우동 493-10", "지형높이": "평지", "지형형상": "정방형", "도로접면": "소로각지", "OSC공법": "중형", "approx": false}}, {"type": "Feature", "geometry": {"type": "Point", "coordinates": [127.1054, 37.60178]}, "properties": {"id": "300", "gu": "중랑구", "dong": "망우동", "jibun": "509-25", "addr": "중랑구 망우동 509-25", "지형높이": "평지", "지형형상": "정방형", "도로접면": "소로한면", "OSC공법": "중형", "approx": false}}, {"type": "Feature", "geometry": {"type": "Point", "coordinates": [127.1054, 37.60178]}, "properties": {"id": "303", "gu": "중랑구", "dong": "망우동", "jibun": "521-18", "addr": "중랑구 망우동 521-18", "지형높이": "평지", "지형형상": "사다리형", "도로접면": "세로각지(가)", "OSC공법": "소형", "approx": false}}, {"type": "Feature", "geometry": {"type": "Point", "coordinates": [127.1054, 37.60178]}, "properties": {"id": "307", "gu": "중랑구", "dong": "망우동", "jibun": "523-41", "addr": "중랑구 망우동 523-41", "지형높이": "평지", "지형형상": "정방형", "도로접면": "세로한면(가)", "OSC공법": "소형", "approx": false}}, {"type": "Feature", "geometry": {"type": "Point", "coordinates": [127.09298, 37.61182]}, "properties": {"id": "310", "gu": "중랑구", "dong": "신내동", "jibun": "441-2", "addr": "중랑구 신내동 441-2", "지형높이": "평지", "지형형상": "사다리형", "도로접면": "세로한면(가)", "OSC공법": "", "approx": false}}, {"type": "Feature", "geometry": {"type": "Point", "coordinates": [127.08818, 37.63021]}, "properties": {"id": "700", "gu": "노원구", "dong": "공릉동", "jibun": "415-69", "addr": "노원구 공릉동 415-69", "지형높이": "평지", "지형형상": "세로장방", "도로접면": "세로한면(가)", "OSC공법": "소형", "approx": false}}, {"type": "Feature", "geometry": {"type": "Point", "coordinates": [127.07251, 37.63793]}, "properties": {"id": "703", "gu": "노원구", "dong": "하계동", "jibun": "61-20", "addr": "노원구 하계동 61-20", "지형높이": "평지", "지형형상": "정방형", "도로접면": "세로각지(가)", "OSC공법": "소형", "approx": false}}, {"type": "Feature", "geometry": {"type": "Point", "coordinates": [127.07251, 37.63793]}, "properties": {"id": "706", "gu": "노원구", "dong": "하계동", "jibun": "161-3", "addr": "노원구 하계동 161-3", "지형높이": "평지", "지형형상": "사다리형", "도로접면": "중로한면", "OSC공법": "대형", "approx": false}}, {"type": "Feature", "geometry": {"type": "Point", "coordinates": [127.15761, 37.56528]}, "properties": {"id": "2050", "gu": "강동구", "dong": "고덕동", "jibun": "165-1", "addr": "강동구 고덕동 165-1", "지형높이": "평지", "지형형상": "세로장방", "도로접면": "", "OSC공법": "", "approx": false}}, {"type": "Feature", "geometry": {"type": "Point", "coordinates": [127.15761, 37.56528]}, "properties": {"id": "2052", "gu": "강동구", "dong": "고덕동", "jibun": "175-3", "addr": "강동구 고덕동 175-3", "지형높이": "평지", "지형형상": "세로장방", "도로접면": "세로한면(가)", "OSC공법": "소형", "approx": false}}, {"type": "Feature", "geometry": {"type": "Point", "coordinates": [127.15761, 37.56528]}, "properties": {"id": "2053", "gu": "강동구", "dong": "고덕동", "jibun": "237-2", "addr": "강동구 고덕동 237-2", "지형높이": "평지", "지형형상": "가로장방", "도로접면": "세로한면(가)", "OSC공법": "소형", "approx": false}}, {"type": "Feature", "geometry": {"type": "Point", "coordinates": [127.15761, 37.56528]}, "properties": {"id": "2055", "gu": "강동구", "dong": "고덕동", "jibun": "238-6", "addr": "강동구 고덕동 238-6", "지형높이": "평지", "지형형상": "세로장방", "도로접면": "세로한면(가)", "OSC공법": "소형", "approx": false}}, {"type": "Feature", "geometry": {"type": "Point", "coordinates": [127.15761, 37.56528]}, "properties": {"id": "2056", "gu": "강동구", "dong": "고덕동", "jibun": "259-7", "addr": "강동구 고덕동 259-7", "지형높이": "평지", "지형형상": "세로장방", "도로접면": "소로한면", "OSC공법": "중형", "approx": false}}, {"type": "Feature", "geometry": {"type": "Point", "coordinates": [127.15761, 37.56528]}, "properties": {"id": "2057", "gu": "강동구", "dong": "고덕동", "jibun": "260-4", "addr": "강동구 고덕동 260-4", "지형높이": "평지", "지형형상": "세로장방", "도로접면": "소로한면", "OSC공법": "", "approx": false}}, {"type": "Feature", "geometry": {"type": "Point", "coordinates": [127.15761, 37.56528]}, "properties": {"id": "2059", "gu": "강동구", "dong": "고덕동", "jibun": "270-2", "addr": "강동구 고덕동 270-2", "지형높이": "평지", "지형형상": "세로장방", "도로접면": "소로한면", "OSC공법": "중형", "approx": false}}, {"type": "Feature", "geometry": {"type": "Point", "coordinates": [127.15761, 37.56528]}, "properties": {"id": "2062", "gu": "강동구", "dong": "고덕동", "jibun": "282-4", "addr": "강동구 고덕동 282-4", "지형높이": "평지", "지형형상": "세로장방", "도로접면": "", "OSC공법": "", "approx": false}}, {"type": "Feature", "geometry": {"type": "Point", "coordinates": [127.15761, 37.56528]}, "properties": {"id": "2063", "gu": "강동구", "dong": "고덕동", "jibun": "294-5", "addr": "강동구 고덕동 294-5", "지형높이": "평지", "지형형상": "정방형", "도로접면": "중로각지", "OSC공법": "중형", "approx": false}}, {"type": "Feature", "geometry": {"type": "Point", "coordinates": [126.9492428, 37.5386394]}, "properties": {"id": "972", "gu": "마포구", "dong": "도화동", "jibun": "184-20", "addr": "마포구 도화동 184-20", "지형높이": "평지", "지형형상": "사다리형", "도로접면": "세로한면(가)", "OSC공법": "소형", "approx": false}}, {"type": "Feature", "geometry": {"type": "Point", "coordinates": [126.9479037, 37.5501812]}, "properties": {"id": "975", "gu": "마포구", "dong": "염리동", "jibun": "27-125", "addr": "마포구 염리동 27-125", "지형높이": "완경사", "지형형상": "사다리형", "도로접면": "세로한면(불)", "OSC공법": "소형", "approx": false}}, {"type": "Feature", "geometry": {"type": "Point", "coordinates": [126.9479037, 37.5501812]}, "properties": {"id": "976", "gu": "마포구", "dong": "염리동", "jibun": "178-1", "addr": "마포구 염리동 178-1", "지형높이": "평지", "지형형상": "사다리형", "도로접면": "세로한면(가)", "OSC공법": "소형", "approx": false}}, {"type": "Feature", "geometry": {"type": "Point", "coordinates": [126.9359375, 37.5462035]}, "properties": {"id": "977", "gu": "마포구", "dong": "신수동", "jibun": "62-8", "addr": "마포구 신수동 62-8", "지형높이": "평지", "지형형상": "사다리형", "도로접면": "세로한면(가)", "OSC공법": "소형", "approx": false}}, {"type": "Feature", "geometry": {"type": "Point", "coordinates": [126.94676, 37.5871]}, "properties": {"id": "915", "gu": "서대문구", "dong": "홍제동", "jibun": "267-119", "addr": "서대문구 홍제동 267-119", "지형높이": "완경사", "지형형상": "부정형", "도로접면": "세로한면(가)", "OSC공법": "소형", "approx": false}}, {"type": "Feature", "geometry": {"type": "Point", "coordinates": [126.93733, 37.59296]}, "properties": {"id": "935", "gu": "서대문구", "dong": "홍은동", "jibun": "9-234", "addr": "서대문구 홍은동 9-234", "지형높이": "평지", "지형형상": "사다리형", "도로접면": "세로한면(가)", "OSC공법": "소형", "approx": false}}, {"type": "Feature", "geometry": {"type": "Point", "coordinates": [127.05543, 37.5806]}, "properties": {"id": "122", "gu": "동대문구", "dong": "전농동", "jibun": "257-4", "addr": "동대문구 전농동 257-4", "지형높이": "평지", "지형형상": "사다리형", "도로접면": "세로한면(가)", "OSC공법": "소형", "approx": false}}, {"type": "Feature", "geometry": {"type": "Point", "coordinates": [127.05467, 37.57002]}, "properties": {"id": "127", "gu": "동대문구", "dong": "답십리동", "jibun": "463-28", "addr": "동대문구 답십리동 463-28", "지형높이": "평지", "지형형상": "세로장방", "도로접면": "세로한면(불)", "OSC공법": "소형", "approx": false}}, {"type": "Feature", "geometry": {"type": "Point", "coordinates": [127.05178, 37.59433]}, "properties": {"id": "162", "gu": "동대문구", "dong": "회기동", "jibun": "102-42", "addr": "동대문구 회기동 102-42", "지형높이": "완경사", "지형형상": "사다리형", "도로접면": "세로한면(가)", "OSC공법": "소형", "approx": false}}, {"type": "Feature", "geometry": {"type": "Point", "coordinates": [127.05178, 37.59433]}, "properties": {"id": "163", "gu": "동대문구", "dong": "회기동", "jibun": "102-43", "addr": "동대문구 회기동 102-43", "지형높이": "완경사", "지형형상": "사다리형", "도로접면": "세로한면(가)", "OSC공법": "소형", "approx": false}}, {"type": "Feature", "geometry": {"type": "Point", "coordinates": [126.99215, 37.59552]}, "properties": {"id": "312", "gu": "성북구", "dong": "성북동", "jibun": "111-26", "addr": "성북구 성북동 111-26", "지형높이": "완경사", "지형형상": "자루형", "도로접면": "세로한면(가)", "OSC공법": "소형", "approx": false}}, {"type": "Feature", "geometry": {"type": "Point", "coordinates": [127.01841, 37.59742]}, "properties": {"id": "313", "gu": "성북구", "dong": "돈암동", "jibun": "2-21", "addr": "성북구 돈암동 2-21", "지형높이": "완경사", "지형형상": "사다리형", "도로접면": "세로한면(불)", "OSC공법": "소형", "approx": false}}, {"type": "Feature", "geometry": {"type": "Point", "coordinates": [126.99794, 37.61654]}, "properties": {"id": "330", "gu": "성북구", "dong": "정릉동", "jibun": "16-221", "addr": "성북구 정릉동 16-221", "지형높이": "평지", "지형형상": "세로장방", "도로접면": "세로각지(가)", "OSC공법": "소형", "approx": false}}, {"type": "Feature", "geometry": {"type": "Point", "coordinates": [126.99794, 37.61654]}, "properties": {"id": "352", "gu": "성북구", "dong": "정릉동", "jibun": "508-26", "addr": "성북구 정릉동 508-26", "지형높이": "완경사", "지형형상": "세로장방", "도로접면": "소로한면", "OSC공법": "중형", "approx": false}}, {"type": "Feature", "geometry": {"type": "Point", "coordinates": [127.03333, 37.59631]}, "properties": {"id": "373", "gu": "성북구", "dong": "종암동", "jibun": "125-58", "addr": "성북구 종암동 125-58", "지형높이": "완경사", "지형형상": "정방형", "도로접면": "세로한면(가)", "OSC공법": "소형", "approx": false}}, {"type": "Feature", "geometry": {"type": "Point", "coordinates": [127.03333, 37.59631]}, "properties": {"id": "374", "gu": "성북구", "dong": "종암동", "jibun": "125-84", "addr": "성북구 종암동 125-84", "지형높이": "평지", "지형형상": "세로장방", "도로접면": "소로한면", "OSC공법": "중형", "approx": false}}]}